Timestamp,‡∏â‡∏≤‡∏¢‡∏≤‡∏Ç‡∏≠‡∏á‡∏Ñ‡∏∏‡∏ì,‡πÄ‡∏û‡∏®‡∏Ç‡∏≠‡∏á‡∏Ñ‡∏∏‡∏ì,‡∏≠‡∏≤‡∏¢‡∏∏,‡∏™‡πà‡∏ß‡∏ô‡∏™‡∏π‡∏á,‡∏ô‡πâ‡∏≥‡∏´‡∏ô‡∏±‡∏Å,‡∏™‡∏±‡∏î‡∏™‡πà‡∏ß‡∏ô (‡∏≠‡∏Å-‡πÄ‡∏≠‡∏ß-‡∏™‡∏∞‡πÇ‡∏û‡∏Å),‡∏™‡∏µ‡∏ú‡∏¥‡∏ß‡∏Ç‡∏≠‡∏á‡∏Ñ‡∏∏‡∏ì,‡∏ó‡∏£‡∏á‡∏ú‡∏°‡∏Ç‡∏≠‡∏á‡∏Ñ‡∏∏‡∏ì,‡∏™‡∏µ‡∏ú‡∏°‡∏Ç‡∏≠‡∏á‡∏Ñ‡∏∏‡∏ì,‡πÇ‡∏Ñ‡∏£‡∏á‡∏´‡∏ô‡πâ‡∏≤,‡πÉ‡∏™‡πà‡πÅ‡∏ß‡πà‡∏ô‡∏≠‡πä‡∏∞‡∏õ‡πà‡∏≤‡∏ß?,‡∏Å‡∏≤‡∏£‡πÅ‡∏ï‡πà‡∏á‡∏ï‡∏±‡∏ß,‡∏≠‡∏≤‡∏´‡∏≤‡∏£‡∏ó‡∏µ‡πà‡∏ä‡∏≠‡∏ö (‡∏Ç‡∏ô‡∏°‡πÑ‡∏°‡πà‡∏ô‡∏±‡∏ö),‡∏Ç‡∏ô‡∏° (‡∏Ç‡∏≠‡∏á‡∏Ñ‡∏≤‡∏ß‡πÑ‡∏°‡πà‡∏ô‡∏±‡∏ö),‡πÄ‡∏Ñ‡∏£‡∏∑‡πà‡∏≠‡∏á‡∏î‡∏∑‡πà‡∏°,‡πÅ‡∏ô‡∏ß‡∏´‡∏ô‡∏±‡∏á‡∏ó‡∏µ‡πà‡∏ä‡∏≠‡∏ö,‡πÅ‡∏ô‡∏ß‡∏Å‡∏≤‡∏£‡πå‡∏ï‡∏π‡∏ô‡∏ó‡∏µ‡πà‡∏ä‡∏≠‡∏ö,‡∏î‡∏ô‡∏ï‡∏£‡∏µ‡∏ó‡∏µ‡πà‡∏ä‡∏≠‡∏ö,Lifestyle,‡∏™‡∏±‡∏ï‡∏ß‡πå‡πÄ‡∏•‡∏µ‡πâ‡∏¢‡∏á‡∏ó‡∏µ‡πà‡∏ä‡∏≠‡∏ö,‡πÄ‡∏™‡∏û‡∏õ‡∏∞? (‡∏Ç‡πâ‡∏≠‡∏ô‡∏µ‡πâ Sensitive ‡∏ñ‡πâ‡∏≤‡∏≠‡∏∂‡∏î‡∏≠‡∏±‡∏î‡πÉ‡∏à‡πÑ‡∏°‡πà‡∏≠‡∏¢‡∏≤‡∏Å‡∏ï‡∏≠‡∏ö‡∏Ç‡πâ‡∏≤‡∏°‡πÑ‡∏î‡πâ‡∏ô‡∏∞),‡∏õ‡∏£‡∏∞‡πÄ‡∏†‡∏ó‡∏Ç‡∏≠‡∏á‡∏™‡∏ñ‡∏≤‡∏ô‡∏ó‡∏µ‡πà‡∏û‡∏±‡∏Å,‡∏™‡πà‡∏ß‡∏ô‡πÉ‡∏´‡∏ç‡πà‡∏û‡∏±‡∏Å‡∏≠‡∏¢‡∏π‡πà‡∏Å‡∏±‡∏ö‡πÉ‡∏Ñ‡∏£,‡∏™‡πà‡∏ß‡∏ô‡πÉ‡∏´‡∏ç‡πà‡πÄ‡∏î‡∏¥‡∏ô‡∏ó‡∏≤‡∏á‡πÇ‡∏î‡∏¢,‡∏Ñ‡∏ß‡∏≤‡∏°‡∏Å‡∏•‡πâ‡∏≤‡πÉ‡∏ô‡∏Å‡∏≤‡∏£‡∏Ñ‡∏∏‡∏¢‡∏Å‡∏±‡∏ö‡∏Ñ‡∏ô‡∏ó‡∏µ‡πà‡∏ñ‡∏π‡∏Å‡πÉ‡∏à,‡∏°‡∏≤‡∏£‡∏¢‡∏≤‡∏ó‡∏≠‡∏∞‡∏û‡∏≠‡∏à‡∏∞‡∏°‡∏µ‡∏°‡∏∞?,‡∏Ñ‡∏¥‡∏î‡∏ß‡πà‡∏≤‡πÄ‡∏£‡∏≤‡∏î‡∏π‡∏î‡∏µ‡∏°‡∏µ‡πÄ‡∏™‡∏ô‡πà‡∏´‡πå‡∏£‡∏∞‡∏î‡∏±‡∏ö‡πÑ‡∏´‡∏ô,‡∏£‡∏∞‡∏î‡∏±‡∏ö‡∏Ñ‡∏ß‡∏≤‡∏°‡πÄ‡∏à‡πâ‡∏≤‡∏ä‡∏π‡πâ‡∏ß‡∏ß‡∏ß‡∏ß‡∏ß‡∏ß‡∏ß‡∏ß,‡∏°‡∏µ‡∏Ñ‡∏ô‡∏Ñ‡∏∏‡∏¢‡πÅ‡∏ö‡∏ö‡∏Å‡∏¥‡πä‡∏Å‡∏Å‡∏±‡πä‡∏Å‡∏ï‡∏≠‡∏ô‡∏ô‡∏µ‡πâ‡∏Å‡∏µ‡πà‡∏Ñ‡∏ô?,‡πÄ‡∏Ñ‡∏¢‡∏°‡∏µ‡πÅ‡∏ü‡∏ô‡∏°‡∏≤‡πÅ‡∏•‡πâ‡∏ß‡∏Å‡∏µ‡πà‡∏Ñ‡∏ô?,‡πÅ‡∏•‡πâ‡∏ß‡∏ï‡∏≠‡∏ô‡∏ô‡∏µ‡πâ‡∏°‡∏µ‡πÅ‡∏ü‡∏ô‡πÅ‡∏•‡πâ‡∏ß‡∏´‡∏£‡∏∑‡∏≠‡∏¢‡∏±‡∏á?,‡∏≠‡∏≤‡∏¢‡∏∏‡∏Ç‡∏≠‡∏á‡πÅ‡∏ü‡∏ô‡∏•‡πà‡∏∞?,‡∏Ñ‡∏ö‡∏Å‡∏±‡∏ô‡∏°‡∏≤‡∏ô‡∏≤‡∏ô‡∏¢‡∏±‡∏á??
4/1/2020 10:07:48,USB,‡∏ä‡∏≤‡∏¢,22,180,95,42-39-42,‡∏î‡∏≥‡∏¢‡∏±‡∏á‡∏Å‡∏∞‡∏ñ‡πà‡∏≤‡∏ô,‡∏≠‡∏±‡∏ô‡πÄ‡∏î‡∏≠‡∏£‡πå‡∏Ñ‡∏±‡∏î (‡πÑ‡∏ñ‡πÄ‡∏õ‡∏¥‡∏î),‡∏î‡∏≥‡∏™‡∏ô‡∏¥‡∏ó,‡∏£‡∏π‡∏õ‡πÑ‡∏Ç‡πà,‡πÑ‡∏°‡πà‡πÉ‡∏™‡πà,‡∏°‡∏µ‡∏≠‡∏∞‡πÑ‡∏£‡∏Å‡πá‡∏´‡∏¢‡∏¥‡∏ö‡πÉ‡∏™‡πà‡πÜ‡πÑ‡∏õ ‡∏´‡∏ô‡πâ‡∏≤‡∏ï‡∏≤‡∏î‡∏µ‡πÑ‡∏°‡πà‡πÅ‡∏Ñ‡∏£‡πå,"‡∏≠‡∏≤‡∏´‡∏≤‡∏£‡∏ç‡∏µ‡πà‡∏õ‡∏∏‡πà‡∏ô, ‡∏≠‡∏≤‡∏´‡∏≤‡∏£‡∏ù‡∏£‡∏±‡πà‡∏á","‡πÄ‡∏Ñ‡πâ‡∏Å, ‡πÑ‡∏≠‡∏®‡∏£‡∏µ‡∏°","‡∏ä‡∏≤ (‡πÑ‡∏î‡πâ‡∏´‡∏°‡∏î ‡∏ä‡∏≤‡πÑ‡∏ó‡∏¢, ‡∏ä‡∏≤‡∏ô‡∏°, ‡∏ä‡∏≤‡πÄ‡∏Ç‡∏µ‡∏¢‡∏ß, ‡∏ä‡∏≤‡πÄ‡∏¢‡πá‡∏ô ‡∏≠‡∏∞‡πÑ‡∏£‡∏ó‡∏µ‡πà‡πÄ‡∏õ‡πá‡∏ô‡∏ä‡∏≤), ‡∏ô‡∏°‡∏™‡∏î, ‡∏ô‡πâ‡∏≥‡∏≠‡∏±‡∏î‡∏•‡∏°, ‡∏ô‡πâ‡∏≥‡∏ä‡∏á (‡πÅ‡∏î‡∏á‡πÇ‡∏ã‡∏î‡∏≤, ‡∏°‡∏∞‡∏ô‡∏≤‡∏ß‡πÇ‡∏ã‡∏î‡∏≤, ‡∏ö‡πä‡∏ß‡∏¢‡πÇ‡∏ã‡∏î‡∏≤ ‡∏ï‡∏≤‡∏°‡∏£‡πâ‡∏≤‡∏ô‡∏≠‡∏≤‡πÅ‡∏õ‡∏∞)",‡∏™‡∏≤‡∏£‡∏Ñ‡∏î‡∏µ,‡∏Æ‡∏µ‡πÇ‡∏£‡πà‡∏™‡∏π‡πâ‡∏Å‡∏±‡∏ö‡∏™‡∏±‡∏ï‡∏ß‡πå‡∏õ‡∏£‡∏∞‡∏´‡∏•‡∏≤‡∏î,"‡πÅ‡∏à‡πä‡∏™‡πÅ‡∏ö‡∏ö‡∏ú‡∏π‡πâ‡∏î‡∏µ, EDM ‡∏ï‡∏∑‡πä‡∏î‡πÜ",‡∏™‡∏≤‡∏¢‡πÄ‡∏Ç‡πâ‡∏≤‡∏õ‡πà‡∏≤,‡∏ô‡πâ‡∏≠‡∏á‡∏´‡∏°‡∏≤,‡πÑ‡∏°‡πà‡πÄ‡∏™‡∏û,‡∏´‡∏≠‡∏û‡∏±‡∏Å,‡∏≠‡∏∞‡πÅ‡∏Æ‡πà‡∏°...‡∏≠‡∏¢‡∏π‡πà‡∏Å‡∏±‡∏ö‡∏Ñ‡∏ô‡∏£‡∏π‡πâ‡πÉ‡∏à,‡∏£‡∏ñ‡∏¢‡∏ô‡∏ï‡πå‡∏™‡πà‡∏ß‡∏ô‡∏ï‡∏±‡∏ß,4,5,5,4,0,‡∏°‡∏≤‡∏Å‡∏Å‡∏ß‡πà‡∏≤ 5 (‡∏£‡πâ‡∏≤‡∏¢‡∏Å‡∏≤‡∏à),‡∏°‡∏µ‡πÅ‡∏•‡πâ‡∏ß‡∏Ñ‡∏ô‡∏•‡∏∞‡πÄ‡∏û‡∏®,‡πÄ‡∏ó‡πà‡∏≤‡∏Å‡∏±‡∏ô (‡∏ï‡∏ö‡∏´‡∏±‡∏ß‡∏Å‡∏±‡∏ô‡∏¢‡∏±‡∏á‡∏Å‡∏∞‡πÄ‡∏û‡∏∑‡πà‡∏≠‡∏ô),‡πÄ‡∏Å‡∏¥‡∏ô 1 ‡∏õ‡∏µ
4/1/2020 10:11:09,‡∏£‡∏±‡∏ô‡∏ß‡∏á‡∏Å‡∏≤‡∏£‡πÑ‡∏≠‡∏î‡∏≠‡∏•,‡∏ä‡∏≤‡∏¢,21,168,52,‡∏à‡∏≥‡πÑ‡∏°‡πà‡πÑ‡∏î‡πâ,‡∏Ç‡∏≤‡∏ß‡πÄ‡∏´‡∏•‡∏∑‡∏≠‡∏á‡πÅ‡∏ö‡∏ö‡πÄ‡∏≠‡πÄ‡∏ä‡∏µ‡∏¢,‡∏≠‡∏±‡∏ô‡πÄ‡∏î‡∏≠‡∏£‡πå‡∏Ñ‡∏±‡∏î (‡πÑ‡∏ñ‡πÄ‡∏õ‡∏¥‡∏î),‡∏î‡∏≥‡∏™‡∏ô‡∏¥‡∏ó,‡∏£‡∏π‡∏õ‡πÑ‡∏Ç‡πà,‡πÉ‡∏™‡πà,‡∏°‡∏µ‡∏≠‡∏∞‡πÑ‡∏£‡πÉ‡∏ô‡∏ï‡∏π‡πâ‡∏Å‡πá‡∏´‡∏¢‡∏¥‡∏ö‡∏°‡∏≤‡πÄ‡∏•‡∏¢,"‡∏≠‡∏≤‡∏´‡∏≤‡∏£‡πÑ‡∏ó‡∏¢, ‡∏≠‡∏≤‡∏´‡∏≤‡∏£‡∏ç‡∏µ‡πà‡∏õ‡∏∏‡πà‡∏ô, ‡∏≠‡∏≤‡∏´‡∏≤‡∏£‡∏ù‡∏£‡∏±‡πà‡∏á, ‡∏ö‡∏∏‡∏ü‡πÄ‡∏ü‡πà‡∏õ‡∏¥‡πâ‡∏á‡∏¢‡πà‡∏≤‡∏á/‡∏ä‡∏≤‡∏ö‡∏π ‡πÑ‡∏î‡πâ‡∏´‡∏°‡∏î‡∏ñ‡πâ‡∏≤‡∏™‡∏î‡∏ä‡∏∑‡πà‡∏ô","‡πÑ‡∏≠‡∏®‡∏£‡∏µ‡∏°, ‡πÅ‡∏û‡∏ô‡πÄ‡∏Ñ‡πâ‡∏Å","‡∏ä‡∏≤ (‡πÑ‡∏î‡πâ‡∏´‡∏°‡∏î ‡∏ä‡∏≤‡πÑ‡∏ó‡∏¢, ‡∏ä‡∏≤‡∏ô‡∏°, ‡∏ä‡∏≤‡πÄ‡∏Ç‡∏µ‡∏¢‡∏ß, ‡∏ä‡∏≤‡πÄ‡∏¢‡πá‡∏ô ‡∏≠‡∏∞‡πÑ‡∏£‡∏ó‡∏µ‡πà‡πÄ‡∏õ‡πá‡∏ô‡∏ä‡∏≤), ‡∏Å‡∏≤‡πÅ‡∏ü‡∏î‡∏£‡∏¥‡∏õ","‡πÅ‡∏≠‡∏Ñ‡∏ä‡∏±‡πà‡∏ô‡∏ö‡∏π‡πä‡πÄ‡∏•‡∏∑‡∏≠‡∏î‡∏™‡∏≤‡∏î, ‡∏™‡∏≤‡∏£‡∏Ñ‡∏î‡∏µ",‡πÑ‡∏°‡πà‡∏Ñ‡πà‡∏≠‡∏¢‡∏î‡∏π,"J-Pop, Idol",‡∏™‡∏≤‡∏¢‡∏ô‡∏±‡πà‡∏á‡∏£‡πâ‡∏≤‡∏ô‡∏Å‡∏≤‡πÅ‡∏ü‡∏î‡∏£‡∏¥‡∏õ,‡πÑ‡∏°‡πà‡∏ä‡∏≠‡∏ö‡πÄ‡∏•‡∏µ‡πâ‡∏¢‡∏á,‡πÑ‡∏°‡πà‡πÄ‡∏™‡∏û,‡∏´‡∏≠‡∏û‡∏±‡∏Å,‡∏≠‡∏¢‡∏π‡πà‡∏Ñ‡∏ô‡πÄ‡∏î‡∏µ‡∏¢‡∏ß‡πÄ‡∏´‡∏á‡∏≤‡πÜ,‡πÄ‡∏î‡∏¥‡∏ô....,2,3,2,2,0,0 (‡πÑ‡∏°‡πà‡πÄ‡∏Ñ‡∏¢‡∏°‡∏µ‡∏≠‡∏∞ ‡∏Æ‡∏∑‡∏≠‡∏≠‡∏≠‡∏≠‡∏≠‡∏≠),‡∏Å‡πá‡∏ö‡∏≠‡∏Å‡∏ß‡πà‡∏≤‡∏¢‡∏±‡∏á‡πÑ‡∏°‡πà‡∏°‡∏µ‡πÑ‡∏á‡∏≠‡∏¢‡πà‡∏≤‡∏¢‡πâ‡∏≥‡πÑ‡∏î‡πâ‡∏õ‡πà‡∏∞....,‡πÄ‡∏ó‡πà‡∏≤‡∏Å‡∏±‡∏ô (‡∏ï‡∏ö‡∏´‡∏±‡∏ß‡∏Å‡∏±‡∏ô‡∏¢‡∏±‡∏á‡∏Å‡∏∞‡πÄ‡∏û‡∏∑‡πà‡∏≠‡∏ô),‡πÇ‡∏™‡∏î...‡∏á‡∏∞ ‡∏≠‡∏î‡∏≠‡∏¢‡∏≤‡∏Å‡∏õ‡∏≤‡∏Å‡πÅ‡∏´‡πâ‡∏á...‡∏°‡∏±‡πà‡∏Å‡πÄ‡∏£‡∏¢
4/1/2020 10:24:59,‡πÄ‡∏ü‡∏¥‡∏£‡πå‡∏™ 2.5,‡∏ä‡∏≤‡∏¢,24,,110,46-45-48,‡∏Ñ‡∏•‡πâ‡∏≥‡∏ô‡∏¥‡∏î‡πÜ,‡∏£‡∏≠‡∏á‡∏ó‡∏£‡∏á‡∏™‡∏π‡∏á,‡∏î‡∏≥‡∏™‡∏ô‡∏¥‡∏ó,‡∏£‡∏π‡∏õ‡πÑ‡∏Ç‡πà,‡πÑ‡∏°‡πà‡πÉ‡∏™‡πà,‡∏≠‡∏¢‡∏≤‡∏Å‡πÉ‡∏™‡πà‡∏≠‡∏∞‡πÑ‡∏£‡∏Å‡πá‡πÉ‡∏™‡πà ‡∏ó‡∏µ‡πà‡∏≠‡∏≠‡∏Å‡∏°‡∏≤‡πÅ‡∏•‡πâ‡∏ß‡∏™‡∏∏‡∏†‡∏≤‡∏û,"‡∏≠‡∏≤‡∏´‡∏≤‡∏£‡πÑ‡∏ó‡∏¢, ‡∏≠‡∏≤‡∏´‡∏≤‡∏£‡∏ç‡∏µ‡πà‡∏õ‡∏∏‡πà‡∏ô, ‡∏≠‡∏≤‡∏´‡∏≤‡∏£‡∏ï‡∏≤‡∏°‡∏™‡∏±‡πà‡∏á (‡∏õ‡∏£‡∏∞‡πÄ‡∏†‡∏ó‡∏Ç‡πâ‡∏≤‡∏ß), ‡∏≠‡∏≤‡∏´‡∏≤‡∏£‡∏ü‡∏£‡∏µ (‡∏Å‡∏≤‡∏ù‡∏≤‡∏Å‡∏°‡∏≤‡∏Å‡∏ö‡∏≠‡∏Å‡πÄ‡∏•‡∏¢), ‡∏ö‡∏∏‡∏ü‡πÄ‡∏ü‡πà‡∏õ‡∏¥‡πâ‡∏á‡∏¢‡πà‡∏≤‡∏á/‡∏ä‡∏≤‡∏ö‡∏π ‡πÑ‡∏î‡πâ‡∏´‡∏°‡∏î‡∏ñ‡πâ‡∏≤‡∏™‡∏î‡∏ä‡∏∑‡πà‡∏ô","‡πÑ‡∏≠‡∏®‡∏£‡∏µ‡∏°, ‡∏ß‡∏±‡∏ü‡πÄ‡∏ü‡∏¥‡∏•, ‡∏ô‡πâ‡∏≥‡πÅ‡∏Ç‡πá‡∏á‡πÑ‡∏™, ‡πÇ‡∏ï‡πÄ‡∏Å‡∏µ‡∏¢‡∏ß","‡∏ä‡∏≤ (‡πÑ‡∏î‡πâ‡∏´‡∏°‡∏î ‡∏ä‡∏≤‡πÑ‡∏ó‡∏¢, ‡∏ä‡∏≤‡∏ô‡∏°, ‡∏ä‡∏≤‡πÄ‡∏Ç‡∏µ‡∏¢‡∏ß, ‡∏ä‡∏≤‡πÄ‡∏¢‡πá‡∏ô ‡∏≠‡∏∞‡πÑ‡∏£‡∏ó‡∏µ‡πà‡πÄ‡∏õ‡πá‡∏ô‡∏ä‡∏≤), ‡∏ä‡∏≤‡πÑ‡∏Ç‡πà‡∏°‡∏∏‡∏Å (‡∏Ñ‡∏•‡πâ‡∏≤‡∏¢‡∏Ç‡πâ‡∏≠‡∏Ç‡πâ‡∏≤‡∏á‡∏ö‡∏ô ‡πÅ‡∏Ñ‡πà‡πÄ‡∏û‡∏¥‡πà‡∏°‡πÑ‡∏Ç‡πà‡∏°‡∏∏‡∏Å), ‡∏ô‡∏°‡∏™‡∏î, ‡∏ô‡πâ‡∏≥‡∏≠‡∏±‡∏î‡∏•‡∏°, ‡∏ô‡πâ‡∏≥‡∏ú‡∏•‡πÑ‡∏°‡πâ, ‡πÇ‡∏≠‡πÄ‡∏•‡∏µ‡πâ‡∏¢‡∏á, ‡∏Å‡∏≤‡πÅ‡∏ü","‡∏ï‡∏•‡∏Å‡πÄ‡∏£‡∏∑‡πà‡∏≠‡∏¢‡πÄ‡∏õ‡∏∑‡πà‡∏≠‡∏¢, ‡πÅ‡∏≠‡∏Ñ‡∏ä‡∏±‡πà‡∏ô‡∏ö‡∏π‡πä‡πÄ‡∏•‡∏∑‡∏≠‡∏î‡∏™‡∏≤‡∏î, ‡∏™‡∏∑‡∏ö‡∏™‡∏ß‡∏ô‡∏™‡∏∏‡∏î‡∏°‡∏±‡∏ô, ‡∏´‡∏ô‡∏±‡∏á‡∏ú‡∏π‡πâ‡πÉ‡∏´‡∏ç‡πà‡∏ö‡πâ‡∏≤‡∏á ‡∏ö‡∏≤‡∏á‡∏ó‡∏µ","‡∏Å‡∏µ‡∏¨‡∏≤, ‡∏ú‡∏à‡∏ç‡∏†‡∏±‡∏¢, ‡∏ô‡∏¥‡∏ô‡∏à‡∏≤‡∏ã‡∏≤‡∏°‡∏π‡πÑ‡∏£, ‡∏Æ‡∏≤‡πÄ‡∏•‡πá‡∏°, ‡∏Æ‡∏µ‡πÇ‡∏£‡πà‡∏™‡∏π‡πâ‡∏Å‡∏±‡∏ö‡∏™‡∏±‡∏ï‡∏ß‡πå‡∏õ‡∏£‡∏∞‡∏´‡∏•‡∏≤‡∏î, gintama ‡πÄ‡∏£‡∏∑‡πà‡∏≠‡∏á‡∏ô‡∏µ‡πâ‡∏ä‡∏≠‡∏ö‡∏ó‡∏µ‡πà‡∏™‡∏∏‡∏î‡∏Ñ‡∏£‡∏±‡∏ö","‡πÅ‡∏à‡πä‡∏™‡πÅ‡∏ö‡∏ö‡∏ú‡∏π‡πâ‡∏î‡∏µ, ‡∏ö‡∏•‡∏π‡∏™‡πå‡πÅ‡∏ö‡∏ö‡πÄ‡∏Ç‡πâ‡∏≤‡∏ñ‡∏∂‡∏á, ‡∏Æ‡∏¥‡∏û‡∏Æ‡∏≠‡∏û‡∏î‡∏¥‡∏ß‡πä‡∏≤‡πÇ‡∏à‡πâ‡∏ß‡πÜ, ‡∏ü‡∏±‡∏á‡πÑ‡∏î‡πâ‡∏ó‡∏∏‡∏Å‡πÅ‡∏ô‡∏ß",‡πÄ‡∏õ‡πá‡∏ô‡∏ó‡∏∏‡∏Å‡∏™‡∏≤‡∏¢‡∏Ñ‡∏£‡∏±‡∏ö‡∏ó‡∏µ‡πà‡∏ß‡πà‡∏≤‡∏°‡∏≤ ‡πÅ‡∏•‡πâ‡∏ß‡πÅ‡∏ï‡πà‡∏™‡∏ñ‡∏≤‡∏ô‡∏∞‡∏Å‡∏≤‡∏£‡∏ì‡πå,‡∏´‡∏°‡∏≤ ‡πÅ‡∏•‡∏∞‡πÅ‡∏°‡∏ß,‡πÄ‡∏™‡∏û,‡∏´‡∏≠‡∏û‡∏±‡∏Å,‡∏≠‡∏∞‡πÅ‡∏Æ‡πà‡∏°...‡∏≠‡∏¢‡∏π‡πà‡∏Å‡∏±‡∏ö‡∏Ñ‡∏ô‡∏£‡∏π‡πâ‡πÉ‡∏à,‡∏°‡∏≠‡πÄ‡∏ï‡∏≠‡∏£‡πå‡πÑ‡∏ã‡∏Ñ‡πå‡∏™‡πà‡∏ß‡∏ô‡∏ï‡∏±‡∏ß,4,4,4,3,1,‡∏°‡∏≤‡∏Å‡∏Å‡∏ß‡πà‡∏≤ 5 (‡∏£‡πâ‡∏≤‡∏¢‡∏Å‡∏≤‡∏à),‡∏°‡∏µ‡πÅ‡∏•‡πâ‡∏ß‡∏Ñ‡∏ô‡∏•‡∏∞‡πÄ‡∏û‡∏®,‡∏ô‡πâ‡∏≠‡∏¢‡∏Å‡∏ß‡πà‡∏≤ (‡∏≠‡∏°‡∏ï‡∏∞‡∏Å‡∏¥‡∏ô‡πÄ‡∏î‡πá‡∏Å),‡πÄ‡∏Å‡∏¥‡∏ô 1 ‡∏õ‡∏µ
4/1/2020 10:40:59,‡πÄ‡πÄ‡∏à‡πá‡∏Ñ,‡∏ä‡∏≤‡∏¢,22,175,110,‡πÑ‡∏°‡πà‡∏£‡∏π‡πâ‡∏Ñ‡∏£‡∏±‡∏ö,‡∏Ñ‡∏•‡πâ‡∏≥‡∏ô‡∏¥‡∏î‡πÜ,‡∏£‡∏≠‡∏á‡∏ó‡∏£‡∏á‡∏ï‡πà‡∏≥,‡∏î‡∏≥‡∏™‡∏ô‡∏¥‡∏ó,‡∏ó‡∏£‡∏á‡∏Å‡∏•‡∏°,‡πÑ‡∏°‡πà‡πÉ‡∏™‡πà,‡∏°‡∏µ‡∏≠‡∏∞‡πÑ‡∏£‡∏Å‡πá‡∏´‡∏¢‡∏¥‡∏ö‡πÉ‡∏™‡πà‡πÜ‡πÑ‡∏õ ‡∏´‡∏ô‡πâ‡∏≤‡∏ï‡∏≤‡∏î‡∏µ‡πÑ‡∏°‡πà‡πÅ‡∏Ñ‡∏£‡πå,"‡∏≠‡∏≤‡∏´‡∏≤‡∏£‡πÑ‡∏ó‡∏¢, ‡∏≠‡∏≤‡∏´‡∏≤‡∏£‡∏ç‡∏µ‡πà‡∏õ‡∏∏‡πà‡∏ô","‡πÄ‡∏Ñ‡πâ‡∏Å, ‡πÑ‡∏≠‡∏®‡∏£‡∏µ‡∏°","‡∏ä‡∏≤ (‡πÑ‡∏î‡πâ‡∏´‡∏°‡∏î ‡∏ä‡∏≤‡πÑ‡∏ó‡∏¢, ‡∏ä‡∏≤‡∏ô‡∏°, ‡∏ä‡∏≤‡πÄ‡∏Ç‡∏µ‡∏¢‡∏ß, ‡∏ä‡∏≤‡πÄ‡∏¢‡πá‡∏ô ‡∏≠‡∏∞‡πÑ‡∏£‡∏ó‡∏µ‡πà‡πÄ‡∏õ‡πá‡∏ô‡∏ä‡∏≤), ‡∏ô‡πâ‡∏≥‡∏≠‡∏±‡∏î‡∏•‡∏°","‡πÅ‡∏≠‡∏Ñ‡∏ä‡∏±‡πà‡∏ô‡∏ö‡∏π‡πä‡πÄ‡∏•‡∏∑‡∏≠‡∏î‡∏™‡∏≤‡∏î, ‡∏ú‡∏µ‡∏´‡∏•‡∏≠‡∏Å‡∏Ñ‡∏∑‡∏ô‡∏´‡∏•‡∏≠‡∏ô, ‡∏™‡∏∑‡∏ö‡∏™‡∏ß‡∏ô‡∏™‡∏∏‡∏î‡∏°‡∏±‡∏ô, ‡πÅ‡∏ü‡∏ô‡∏ï‡∏≤‡∏ã‡∏µ‡∏´‡∏ô‡∏µ‡∏™‡∏π‡πà‡∏à‡∏¥‡∏ô‡∏ï‡∏ô‡∏≤‡∏Å‡∏≤‡∏£, ‡∏¢‡πâ‡∏≠‡∏ô‡∏¢‡∏∏‡∏Ñ‡∏õ‡∏•‡∏∏‡∏Å‡∏õ‡∏£‡∏∞‡∏ß‡∏±‡∏ï‡∏¥‡∏®‡∏≤‡∏™‡∏ï‡∏£‡πå","‡∏ú‡∏à‡∏ç‡∏†‡∏±‡∏¢, ‡∏ô‡∏¥‡∏ô‡∏à‡∏≤‡∏ã‡∏≤‡∏°‡∏π‡πÑ‡∏£, ‡πÅ‡∏ü‡∏ô‡∏ï‡∏≤‡∏ã‡∏µ, ‡∏Æ‡∏µ‡πÇ‡∏£‡πà‡∏™‡∏π‡πâ‡∏Å‡∏±‡∏ö‡∏™‡∏±‡∏ï‡∏ß‡πå‡∏õ‡∏£‡∏∞‡∏´‡∏•‡∏≤‡∏î",‡∏£‡πá‡∏≠‡∏Ñ‡∏™‡∏∏‡∏î‡πÉ‡∏à,‡∏ô‡∏≠‡∏ô‡∏≠‡∏¢‡∏π‡πà‡∏ö‡πâ‡∏≤‡∏ô ‡πÄ‡∏•‡πà‡∏ô‡πÄ‡∏Å‡∏°‡∏™‡πå,‡∏ô‡πâ‡∏≠‡∏á‡πÄ‡∏û‡∏∑‡πà‡∏≠‡∏ô (‡πÉ‡∏Ñ‡∏£‡∏°‡∏±‡∏ô‡∏à‡∏∞‡∏ï‡∏≠‡∏ö‡∏Ç‡πâ‡∏≠‡∏ô‡∏µ‡πâ?),‡πÑ‡∏°‡πà‡πÄ‡∏™‡∏û,‡∏ö‡πâ‡∏≤‡∏ô,‡∏≠‡∏¢‡∏π‡πà‡∏Ñ‡∏£‡∏≠‡∏ö‡∏Ñ‡∏£‡∏±‡∏ß‡∏≠‡∏ö‡∏≠‡∏∏‡πà‡∏ô (‡πÑ‡∏°‡πà‡∏≠‡∏ö‡∏≠‡πâ‡∏≤‡∏ß),"‡∏£‡∏ñ‡πÇ‡∏î‡∏¢‡∏™‡∏≤‡∏£ (‡∏£‡∏ñ‡πÄ‡∏°‡∏•‡πå, ‡∏û‡∏µ‡πà‡∏ß‡∏¥‡∏ô, ‡πÅ‡∏ó‡πä‡∏Å‡∏ã‡∏µ‡πà ‡πÑ‡∏î‡πâ‡∏´‡∏°‡∏î)",3,4,1,1,0,0 (‡πÑ‡∏°‡πà‡πÄ‡∏Ñ‡∏¢‡∏°‡∏µ‡∏≠‡∏∞ ‡∏Æ‡∏∑‡∏≠‡∏≠‡∏≠‡∏≠‡∏≠‡∏≠),‡∏Å‡πá‡∏ö‡∏≠‡∏Å‡∏ß‡πà‡∏≤‡∏¢‡∏±‡∏á‡πÑ‡∏°‡πà‡∏°‡∏µ‡πÑ‡∏á‡∏≠‡∏¢‡πà‡∏≤‡∏¢‡πâ‡∏≥‡πÑ‡∏î‡πâ‡∏õ‡πà‡∏∞....,‡∏°‡∏≤‡∏Å‡∏Å‡∏ß‡πà‡∏≤ (‡∏≠‡∏¢‡∏π‡πà‡∏î‡πâ‡∏ß‡∏¢‡∏•‡∏∞‡∏≠‡∏∏‡πà‡∏ô‡πÉ‡∏à),‡πÇ‡∏™‡∏î...‡∏á‡∏∞ ‡∏≠‡∏î‡∏≠‡∏¢‡∏≤‡∏Å‡∏õ‡∏≤‡∏Å‡πÅ‡∏´‡πâ‡∏á...‡∏°‡∏±‡πà‡∏Å‡πÄ‡∏£‡∏¢
4/1/2020 11:19:12,Earth,‡∏ä‡∏≤‡∏¢,21,177,55,‡πÑ‡∏°‡πà‡∏£‡∏π‡πâ,‡∏Ç‡∏≤‡∏ß‡πÄ‡∏´‡∏•‡∏∑‡∏≠‡∏á‡πÅ‡∏ö‡∏ö‡πÄ‡∏≠‡πÄ‡∏ä‡∏µ‡∏¢,‡∏£‡∏≠‡∏á‡∏ó‡∏£‡∏á‡∏™‡∏π‡∏á,‡∏î‡∏≥‡∏™‡∏ô‡∏¥‡∏ó,‡∏£‡∏π‡∏õ‡πÑ‡∏Ç‡πà,‡πÑ‡∏°‡πà‡πÉ‡∏™‡πà,‡∏ï‡∏≤‡∏°‡πÅ‡∏ü‡∏ä‡∏±‡πà‡∏ô,‡∏ö‡∏∏‡∏ü‡πÄ‡∏ü‡πà‡∏õ‡∏¥‡πâ‡∏á‡∏¢‡πà‡∏≤‡∏á/‡∏ä‡∏≤‡∏ö‡∏π ‡πÑ‡∏î‡πâ‡∏´‡∏°‡∏î‡∏ñ‡πâ‡∏≤‡∏™‡∏î‡∏ä‡∏∑‡πà‡∏ô,"‡πÄ‡∏Ñ‡πâ‡∏Å, ‡πÑ‡∏≠‡∏®‡∏£‡∏µ‡∏°, ‡∏ö‡∏¥‡∏á‡∏ã‡∏π, ‡∏ß‡∏±‡∏ü‡πÄ‡∏ü‡∏¥‡∏•, ‡πÅ‡∏û‡∏ô‡πÄ‡∏Ñ‡πâ‡∏Å, ‡∏ô‡πâ‡∏≥‡πÅ‡∏Ç‡πá‡∏á‡πÑ‡∏™, ‡πÇ‡∏ï‡πÄ‡∏Å‡∏µ‡∏¢‡∏ß, ‡∏Ç‡∏ô‡∏°‡πÑ‡∏ó‡∏¢ (‡∏ó‡∏≠‡∏á‡∏´‡∏¢‡∏¥‡∏ö, ‡∏ó‡∏≠‡∏á‡∏´‡∏¢‡∏≠‡∏î, ‡∏ù‡∏≠‡∏¢‡∏ó‡∏≠‡∏á)","‡∏ä‡∏≤ (‡πÑ‡∏î‡πâ‡∏´‡∏°‡∏î ‡∏ä‡∏≤‡πÑ‡∏ó‡∏¢, ‡∏ä‡∏≤‡∏ô‡∏°, ‡∏ä‡∏≤‡πÄ‡∏Ç‡∏µ‡∏¢‡∏ß, ‡∏ä‡∏≤‡πÄ‡∏¢‡πá‡∏ô ‡∏≠‡∏∞‡πÑ‡∏£‡∏ó‡∏µ‡πà‡πÄ‡∏õ‡πá‡∏ô‡∏ä‡∏≤), ‡∏ä‡∏≤‡πÑ‡∏Ç‡πà‡∏°‡∏∏‡∏Å (‡∏Ñ‡∏•‡πâ‡∏≤‡∏¢‡∏Ç‡πâ‡∏≠‡∏Ç‡πâ‡∏≤‡∏á‡∏ö‡∏ô ‡πÅ‡∏Ñ‡πà‡πÄ‡∏û‡∏¥‡πà‡∏°‡πÑ‡∏Ç‡πà‡∏°‡∏∏‡∏Å), ‡∏ô‡πâ‡∏≥‡∏≠‡∏±‡∏î‡∏•‡∏°, ‡∏ô‡πâ‡∏≥‡∏ú‡∏•‡πÑ‡∏°‡πâ, ‡πÇ‡∏≠‡πÄ‡∏•‡∏µ‡πâ‡∏¢‡∏á, ‡∏Å‡∏≤‡πÅ‡∏ü, ‡∏ä‡∏≠‡∏Ñ‡πÇ‡∏Å‡πÅ‡∏•‡∏ï","‡πÇ‡∏£‡πÅ‡∏°‡∏ô‡∏ï‡∏¥‡∏Ñ‡∏Å‡∏∏‡πä‡∏Å‡∏Å‡∏¥‡πä‡∏Å, ‡∏ï‡∏•‡∏Å‡πÄ‡∏£‡∏∑‡πà‡∏≠‡∏¢‡πÄ‡∏õ‡∏∑‡πà‡∏≠‡∏¢, ‡πÅ‡∏≠‡∏Ñ‡∏ä‡∏±‡πà‡∏ô‡∏ö‡∏π‡πä‡πÄ‡∏•‡∏∑‡∏≠‡∏î‡∏™‡∏≤‡∏î, ‡∏ú‡∏µ‡∏´‡∏•‡∏≠‡∏Å‡∏Ñ‡∏∑‡∏ô‡∏´‡∏•‡∏≠‡∏ô, ‡∏™‡∏∑‡∏ö‡∏™‡∏ß‡∏ô‡∏™‡∏∏‡∏î‡∏°‡∏±‡∏ô, ‡∏ß‡∏¥‡∏ó‡∏¢‡∏®‡∏≤‡∏™‡∏ï‡∏£‡πå‡∏™‡∏ï‡∏¥‡πÄ‡∏ü‡∏∑‡πà‡∏≠‡∏á, ‡πÅ‡∏ü‡∏ô‡∏ï‡∏≤‡∏ã‡∏µ‡∏´‡∏ô‡∏µ‡∏™‡∏π‡πà‡∏à‡∏¥‡∏ô‡∏ï‡∏ô‡∏≤‡∏Å‡∏≤‡∏£","‡∏ú‡∏à‡∏ç‡∏†‡∏±‡∏¢, ‡πÅ‡∏ü‡∏ô‡∏ï‡∏≤‡∏ã‡∏µ, ‡∏ß‡∏±‡∏¢‡∏£‡∏∏‡πà‡∏ô‡∏ö‡πâ‡∏≤‡∏û‡∏•‡∏±‡∏á, ‡∏Æ‡∏≤‡πÄ‡∏•‡πá‡∏°, ‡∏Æ‡∏µ‡πÇ‡∏£‡πà‡∏™‡∏π‡πâ‡∏Å‡∏±‡∏ö‡∏™‡∏±‡∏ï‡∏ß‡πå‡∏õ‡∏£‡∏∞‡∏´‡∏•‡∏≤‡∏î","‡πÅ‡∏à‡πä‡∏™‡πÅ‡∏ö‡∏ö‡∏ú‡∏π‡πâ‡∏î‡∏µ, Soul/Fuck ‡∏Å‡πá‡∏¢‡∏±‡∏á‡πÑ‡∏´‡∏ß, ‡∏Æ‡∏¥‡∏û‡∏Æ‡∏≠‡∏û‡∏î‡∏¥‡∏ß‡πä‡∏≤‡πÇ‡∏à‡πâ‡∏ß‡πÜ, ‡∏£‡πá‡∏≠‡∏Ñ‡∏™‡∏∏‡∏î‡πÉ‡∏à, EDM ‡∏ï‡∏∑‡πä‡∏î‡πÜ, K-Pop, Boyband, Girl Group",‡∏™‡∏≤‡∏¢‡∏†‡∏π‡πÄ‡∏Ç‡∏≤,‡∏ô‡πâ‡∏≠‡∏á‡πÅ‡∏°‡∏ß,‡πÑ‡∏°‡πà‡πÄ‡∏™‡∏û,‡∏´‡∏≠‡∏û‡∏±‡∏Å,‡∏≠‡∏¢‡∏π‡πà‡∏Ñ‡∏ô‡πÄ‡∏î‡∏µ‡∏¢‡∏ß‡πÄ‡∏´‡∏á‡∏≤‡πÜ,"‡∏£‡∏ñ‡πÇ‡∏î‡∏¢‡∏™‡∏≤‡∏£ (‡∏£‡∏ñ‡πÄ‡∏°‡∏•‡πå, ‡∏û‡∏µ‡πà‡∏ß‡∏¥‡∏ô, ‡πÅ‡∏ó‡πä‡∏Å‡∏ã‡∏µ‡πà ‡πÑ‡∏î‡πâ‡∏´‡∏°‡∏î)",3,5,4,1,5,3,‡∏Å‡πá‡∏ö‡∏≠‡∏Å‡∏ß‡πà‡∏≤‡∏¢‡∏±‡∏á‡πÑ‡∏°‡πà‡∏°‡∏µ‡πÑ‡∏á‡∏≠‡∏¢‡πà‡∏≤‡∏¢‡πâ‡∏≥‡πÑ‡∏î‡πâ‡∏õ‡πà‡∏∞....,‡πÄ‡∏ó‡πà‡∏≤‡∏Å‡∏±‡∏ô (‡∏ï‡∏ö‡∏´‡∏±‡∏ß‡∏Å‡∏±‡∏ô‡∏¢‡∏±‡∏á‡∏Å‡∏∞‡πÄ‡∏û‡∏∑‡πà‡∏≠‡∏ô),‡πÇ‡∏™‡∏î...‡∏á‡∏∞ ‡∏≠‡∏î‡∏≠‡∏¢‡∏≤‡∏Å‡∏õ‡∏≤‡∏Å‡πÅ‡∏´‡πâ‡∏á...‡∏°‡∏±‡πà‡∏Å‡πÄ‡∏£‡∏¢
4/1/2020 11:31:57,Creative,‡∏ä‡∏≤‡∏¢,24,174,96,44-36,‡∏Ç‡∏≤‡∏ß‡∏≠‡∏°‡∏ä‡∏°‡∏û‡∏π,‡∏≠‡∏±‡∏ô‡πÄ‡∏î‡∏≠‡∏£‡πå‡∏Ñ‡∏±‡∏î (‡πÑ‡∏ñ‡πÄ‡∏õ‡∏¥‡∏î),‡∏´‡∏á‡∏≠‡∏Å‡∏Å‡∏£‡∏∞‡∏à‡∏≤‡∏¢,‡∏£‡∏π‡∏õ‡πÑ‡∏Ç‡πà,‡πÑ‡∏°‡πà‡πÉ‡∏™‡πà,‡∏°‡∏µ‡∏≠‡∏∞‡πÑ‡∏£‡∏Å‡πá‡∏´‡∏¢‡∏¥‡∏ö‡πÉ‡∏™‡πà‡πÜ‡πÑ‡∏õ ‡∏´‡∏ô‡πâ‡∏≤‡∏ï‡∏≤‡∏î‡∏µ‡πÑ‡∏°‡πà‡πÅ‡∏Ñ‡∏£‡πå,"‡∏≠‡∏≤‡∏´‡∏≤‡∏£‡πÑ‡∏ó‡∏¢, ‡∏≠‡∏≤‡∏´‡∏≤‡∏£‡∏à‡∏µ‡∏ô, ‡∏≠‡∏≤‡∏´‡∏≤‡∏£‡∏ç‡∏µ‡πà‡∏õ‡∏∏‡πà‡∏ô, ‡∏≠‡∏≤‡∏´‡∏≤‡∏£‡∏ù‡∏£‡∏±‡πà‡∏á, ‡∏≠‡∏≤‡∏´‡∏≤‡∏£‡∏ï‡∏≤‡∏°‡∏™‡∏±‡πà‡∏á (‡∏õ‡∏£‡∏∞‡πÄ‡∏†‡∏ó‡∏Ç‡πâ‡∏≤‡∏ß), ‡∏≠‡∏≤‡∏´‡∏≤‡∏£‡∏ï‡∏≤‡∏°‡∏™‡∏±‡πà‡∏á (‡∏õ‡∏£‡∏∞‡πÄ‡∏†‡∏ó‡πÄ‡∏™‡πâ‡∏ô), ‡∏ö‡∏∏‡∏ü‡πÄ‡∏ü‡πà‡∏õ‡∏¥‡πâ‡∏á‡∏¢‡πà‡∏≤‡∏á/‡∏ä‡∏≤‡∏ö‡∏π ‡πÑ‡∏î‡πâ‡∏´‡∏°‡∏î‡∏ñ‡πâ‡∏≤‡∏™‡∏î‡∏ä‡∏∑‡πà‡∏ô","‡πÄ‡∏Ñ‡πâ‡∏Å, ‡πÑ‡∏≠‡∏®‡∏£‡∏µ‡∏°, ‡∏ß‡∏±‡∏ü‡πÄ‡∏ü‡∏¥‡∏•, ‡πÅ‡∏û‡∏ô‡πÄ‡∏Ñ‡πâ‡∏Å, ‡∏ô‡πâ‡∏≥‡πÅ‡∏Ç‡πá‡∏á‡πÑ‡∏™, ‡πÇ‡∏ï‡πÄ‡∏Å‡∏µ‡∏¢‡∏ß, ‡∏Ç‡∏ô‡∏°‡πÑ‡∏ó‡∏¢ (‡∏ó‡∏≠‡∏á‡∏´‡∏¢‡∏¥‡∏ö, ‡∏ó‡∏≠‡∏á‡∏´‡∏¢‡∏≠‡∏î, ‡∏ù‡∏≠‡∏¢‡∏ó‡∏≠‡∏á)","‡∏ä‡∏≤ (‡πÑ‡∏î‡πâ‡∏´‡∏°‡∏î ‡∏ä‡∏≤‡πÑ‡∏ó‡∏¢, ‡∏ä‡∏≤‡∏ô‡∏°, ‡∏ä‡∏≤‡πÄ‡∏Ç‡∏µ‡∏¢‡∏ß, ‡∏ä‡∏≤‡πÄ‡∏¢‡πá‡∏ô ‡∏≠‡∏∞‡πÑ‡∏£‡∏ó‡∏µ‡πà‡πÄ‡∏õ‡πá‡∏ô‡∏ä‡∏≤), ‡∏ä‡∏≤‡πÑ‡∏Ç‡πà‡∏°‡∏∏‡∏Å (‡∏Ñ‡∏•‡πâ‡∏≤‡∏¢‡∏Ç‡πâ‡∏≠‡∏Ç‡πâ‡∏≤‡∏á‡∏ö‡∏ô ‡πÅ‡∏Ñ‡πà‡πÄ‡∏û‡∏¥‡πà‡∏°‡πÑ‡∏Ç‡πà‡∏°‡∏∏‡∏Å), ‡∏ô‡∏°‡∏™‡∏î, ‡∏ô‡πâ‡∏≥‡∏ú‡∏•‡πÑ‡∏°‡πâ, ‡∏ä‡∏≠‡∏Ñ‡πÇ‡∏Å‡πÅ‡∏•‡∏ï, ‡∏ô‡πâ‡∏≥‡∏ä‡∏á (‡πÅ‡∏î‡∏á‡πÇ‡∏ã‡∏î‡∏≤, ‡∏°‡∏∞‡∏ô‡∏≤‡∏ß‡πÇ‡∏ã‡∏î‡∏≤, ‡∏ö‡πä‡∏ß‡∏¢‡πÇ‡∏ã‡∏î‡∏≤ ‡∏ï‡∏≤‡∏°‡∏£‡πâ‡∏≤‡∏ô‡∏≠‡∏≤‡πÅ‡∏õ‡∏∞)","‡πÇ‡∏£‡πÅ‡∏°‡∏ô‡∏ï‡∏¥‡∏Ñ‡∏Å‡∏∏‡πä‡∏Å‡∏Å‡∏¥‡πä‡∏Å, ‡∏ï‡∏•‡∏Å‡πÄ‡∏£‡∏∑‡πà‡∏≠‡∏¢‡πÄ‡∏õ‡∏∑‡πà‡∏≠‡∏¢, ‡πÅ‡∏≠‡∏Ñ‡∏ä‡∏±‡πà‡∏ô‡∏ö‡∏π‡πä‡πÄ‡∏•‡∏∑‡∏≠‡∏î‡∏™‡∏≤‡∏î, ‡∏ú‡∏µ‡∏´‡∏•‡∏≠‡∏Å‡∏Ñ‡∏∑‡∏ô‡∏´‡∏•‡∏≠‡∏ô, ‡∏™‡∏∑‡∏ö‡∏™‡∏ß‡∏ô‡∏™‡∏∏‡∏î‡∏°‡∏±‡∏ô, ‡∏ß‡∏¥‡∏ó‡∏¢‡∏®‡∏≤‡∏™‡∏ï‡∏£‡πå‡∏™‡∏ï‡∏¥‡πÄ‡∏ü‡∏∑‡πà‡∏≠‡∏á, ‡πÅ‡∏ü‡∏ô‡∏ï‡∏≤‡∏ã‡∏µ‡∏´‡∏ô‡∏µ‡∏™‡∏π‡πà‡∏à‡∏¥‡∏ô‡∏ï‡∏ô‡∏≤‡∏Å‡∏≤‡∏£, ‡∏¢‡πâ‡∏≠‡∏ô‡∏¢‡∏∏‡∏Ñ‡∏õ‡∏•‡∏∏‡∏Å‡∏õ‡∏£‡∏∞‡∏ß‡∏±‡∏ï‡∏¥‡∏®‡∏≤‡∏™‡∏ï‡∏£‡πå","‡∏Å‡∏µ‡∏¨‡∏≤, ‡∏ú‡∏à‡∏ç‡∏†‡∏±‡∏¢, ‡∏ß‡∏±‡∏¢‡∏£‡∏∏‡πà‡∏ô‡∏ö‡πâ‡∏≤‡∏û‡∏•‡∏±‡∏á, ‡∏Æ‡∏≤‡πÄ‡∏•‡πá‡∏°, ‡∏Æ‡∏µ‡πÇ‡∏£‡πà‡∏™‡∏π‡πâ‡∏Å‡∏±‡∏ö‡∏™‡∏±‡∏ï‡∏ß‡πå‡∏õ‡∏£‡∏∞‡∏´‡∏•‡∏≤‡∏î","‡∏Æ‡∏¥‡∏û‡∏Æ‡∏≠‡∏û‡∏î‡∏¥‡∏ß‡πä‡∏≤‡πÇ‡∏à‡πâ‡∏ß‡πÜ, ‡∏£‡πá‡∏≠‡∏Ñ‡∏™‡∏∏‡∏î‡πÉ‡∏à, EDM ‡∏ï‡∏∑‡πä‡∏î‡πÜ, ‡πÄ‡∏û‡∏∑‡πà‡∏≠‡∏ä‡∏µ‡∏ß‡∏¥‡∏ï, ‡∏•‡∏π‡∏Å‡∏ó‡∏∏‡πà‡∏á, K-Pop, Girl Group",‡πÄ‡∏ó‡∏µ‡πà‡∏¢‡∏ß‡∏ú‡∏±‡∏ö‡∏Å‡∏•‡∏±‡∏ö‡πÄ‡∏ä‡πâ‡∏≤,‡∏ô‡πâ‡∏≠‡∏á‡πÄ‡∏û‡∏∑‡πà‡∏≠‡∏ô (‡πÉ‡∏Ñ‡∏£‡∏°‡∏±‡∏ô‡∏à‡∏∞‡∏ï‡∏≠‡∏ö‡∏Ç‡πâ‡∏≠‡∏ô‡∏µ‡πâ?),‡πÑ‡∏°‡πà‡πÄ‡∏™‡∏û,‡∏ö‡πâ‡∏≤‡∏ô,‡∏≠‡∏∞‡πÅ‡∏Æ‡πà‡∏°...‡∏≠‡∏¢‡∏π‡πà‡∏Å‡∏±‡∏ö‡∏Ñ‡∏ô‡∏£‡∏π‡πâ‡πÉ‡∏à,‡∏£‡∏ñ‡∏¢‡∏ô‡∏ï‡πå‡∏™‡πà‡∏ß‡∏ô‡∏ï‡∏±‡∏ß,5,3,5,7,4,‡∏°‡∏≤‡∏Å‡∏Å‡∏ß‡πà‡∏≤ 5 (‡∏£‡πâ‡∏≤‡∏¢‡∏Å‡∏≤‡∏à),‡∏°‡∏µ‡πÅ‡∏•‡πâ‡∏ß‡∏Ñ‡∏ô‡∏•‡∏∞‡πÄ‡∏û‡∏®,‡∏ô‡πâ‡∏≠‡∏¢‡∏Å‡∏ß‡πà‡∏≤ (‡∏≠‡∏°‡∏ï‡∏∞‡∏Å‡∏¥‡∏ô‡πÄ‡∏î‡πá‡∏Å),‡πÄ‡∏Å‡∏¥‡∏ô 3 ‡πÄ‡∏î‡∏∑‡∏≠‡∏ô
4/1/2020 11:37:50,‡∏™‡∏ß‡∏¢‡πÅ‡∏ï‡πà‡∏ä‡∏∑‡πà‡∏≠‡∏à‡πâ‡∏≤‡∏≤,‡∏´‡∏ç‡∏¥‡∏á,21,160,60,34-27-34,‡∏Ç‡∏≤‡∏ß‡πÄ‡∏´‡∏•‡∏∑‡∏≠‡∏á‡πÅ‡∏ö‡∏ö‡πÄ‡∏≠‡πÄ‡∏ä‡∏µ‡∏¢,‡∏ú‡∏°‡∏¢‡∏≤‡∏ß‡∏õ‡∏£‡∏∞‡∏ö‡πà‡∏≤,‡∏ô‡πâ‡∏≥‡∏ï‡∏≤‡∏•,‡∏ó‡∏£‡∏á‡∏Å‡∏•‡∏°,‡πÑ‡∏°‡πà‡πÉ‡∏™‡πà,Sport,‡∏≠‡∏≤‡∏´‡∏≤‡∏£‡∏ï‡∏≤‡∏°‡∏™‡∏±‡πà‡∏á (‡∏õ‡∏£‡∏∞‡πÄ‡∏†‡∏ó‡∏Ç‡πâ‡∏≤‡∏ß),‡πÄ‡∏Ñ‡πâ‡∏Å,"‡∏ä‡∏≤‡πÑ‡∏Ç‡πà‡∏°‡∏∏‡∏Å (‡∏Ñ‡∏•‡πâ‡∏≤‡∏¢‡∏Ç‡πâ‡∏≠‡∏Ç‡πâ‡∏≤‡∏á‡∏ö‡∏ô ‡πÅ‡∏Ñ‡πà‡πÄ‡∏û‡∏¥‡πà‡∏°‡πÑ‡∏Ç‡πà‡∏°‡∏∏‡∏Å), ‡∏ô‡∏°‡∏™‡∏î, ‡∏ô‡πâ‡∏≥‡∏ú‡∏•‡πÑ‡∏°‡πâ","‡∏ú‡∏µ‡∏´‡∏•‡∏≠‡∏Å‡∏Ñ‡∏∑‡∏ô‡∏´‡∏•‡∏≠‡∏ô, ‡∏™‡∏∑‡∏ö‡∏™‡∏ß‡∏ô‡∏™‡∏∏‡∏î‡∏°‡∏±‡∏ô, ‡∏ß‡∏¥‡∏ó‡∏¢‡∏®‡∏≤‡∏™‡∏ï‡∏£‡πå‡∏™‡∏ï‡∏¥‡πÄ‡∏ü‡∏∑‡πà‡∏≠‡∏á, ‡∏™‡∏≤‡∏£‡∏Ñ‡∏î‡∏µ",‡πÅ‡∏ü‡∏ô‡∏ï‡∏≤‡∏ã‡∏µ,"EDM ‡∏ï‡∏∑‡πä‡∏î‡πÜ, K-Pop",‡πÄ‡∏Ç‡πâ‡∏≤‡∏ß‡∏±‡∏î‡πÄ‡∏Ç‡πâ‡∏≤‡∏ß‡∏≤,‡∏ô‡πâ‡∏≠‡∏á‡∏´‡∏°‡∏≤,‡πÑ‡∏°‡πà‡πÄ‡∏™‡∏û,‡∏ö‡πâ‡∏≤‡∏ô,‡∏≠‡∏¢‡∏π‡πà‡∏Ñ‡∏£‡∏≠‡∏ö‡∏Ñ‡∏£‡∏±‡∏ß‡∏≠‡∏ö‡∏≠‡∏∏‡πà‡∏ô (‡πÑ‡∏°‡πà‡∏≠‡∏ö‡∏≠‡πâ‡∏≤‡∏ß),"‡∏£‡∏ñ‡πÇ‡∏î‡∏¢‡∏™‡∏≤‡∏£ (‡∏£‡∏ñ‡πÄ‡∏°‡∏•‡πå, ‡∏û‡∏µ‡πà‡∏ß‡∏¥‡∏ô, ‡πÅ‡∏ó‡πä‡∏Å‡∏ã‡∏µ‡πà ‡πÑ‡∏î‡πâ‡∏´‡∏°‡∏î)",4,4,4,1,0,4,‡∏°‡∏µ‡πÅ‡∏•‡πâ‡∏ß‡∏Ñ‡∏ô‡∏•‡∏∞‡πÄ‡∏û‡∏®,‡∏°‡∏≤‡∏Å‡∏Å‡∏ß‡πà‡∏≤ (‡∏≠‡∏¢‡∏π‡πà‡∏î‡πâ‡∏ß‡∏¢‡∏•‡∏∞‡∏≠‡∏∏‡πà‡∏ô‡πÉ‡∏à),‡πÄ‡∏Å‡∏¥‡∏ô 1 ‡∏õ‡∏µ
4/1/2020 12:19:34,‡πÑ‡∏°‡πà‡∏°‡∏µ‡∏â‡∏≤‡∏¢‡∏≤ ,‡∏´‡∏ç‡∏¥‡∏á,22,158,55,36/28/3,‡∏™‡∏µ‡πÅ‡∏ó‡∏ô (‡∏™‡∏µ‡∏ô‡πâ‡∏≥‡∏ú‡∏∂‡πâ‡∏á),‡∏ï‡∏¥‡πà‡∏á‡∏´‡∏π‡∏™‡∏π‡πâ‡∏ä‡∏µ‡∏ß‡∏¥‡∏ï,‡∏î‡∏≥‡∏™‡∏ô‡∏¥‡∏ó,‡∏ó‡∏£‡∏á‡∏Å‡∏•‡∏°,‡πÑ‡∏°‡πà‡πÉ‡∏™‡πà,‡∏°‡∏µ‡∏≠‡∏∞‡πÑ‡∏£‡∏Å‡πá‡∏´‡∏¢‡∏¥‡∏ö‡πÉ‡∏™‡πà‡πÜ‡πÑ‡∏õ ‡∏´‡∏ô‡πâ‡∏≤‡∏ï‡∏≤‡∏î‡∏µ‡πÑ‡∏°‡πà‡πÅ‡∏Ñ‡∏£‡πå,"‡∏≠‡∏≤‡∏´‡∏≤‡∏£‡πÑ‡∏ó‡∏¢, ‡∏ö‡∏∏‡∏ü‡πÄ‡∏ü‡πà‡∏õ‡∏¥‡πâ‡∏á‡∏¢‡πà‡∏≤‡∏á/‡∏ä‡∏≤‡∏ö‡∏π ‡πÑ‡∏î‡πâ‡∏´‡∏°‡∏î‡∏ñ‡πâ‡∏≤‡∏™‡∏î‡∏ä‡∏∑‡πà‡∏ô","‡πÑ‡∏≠‡∏®‡∏£‡∏µ‡∏°, ‡∏ö‡∏¥‡∏á‡∏ã‡∏π, ‡∏ô‡πâ‡∏≥‡πÅ‡∏Ç‡πá‡∏á‡πÑ‡∏™, ‡πÇ‡∏ï‡πÄ‡∏Å‡∏µ‡∏¢‡∏ß","‡∏ä‡∏≤ (‡πÑ‡∏î‡πâ‡∏´‡∏°‡∏î ‡∏ä‡∏≤‡πÑ‡∏ó‡∏¢, ‡∏ä‡∏≤‡∏ô‡∏°, ‡∏ä‡∏≤‡πÄ‡∏Ç‡∏µ‡∏¢‡∏ß, ‡∏ä‡∏≤‡πÄ‡∏¢‡πá‡∏ô ‡∏≠‡∏∞‡πÑ‡∏£‡∏ó‡∏µ‡πà‡πÄ‡∏õ‡πá‡∏ô‡∏ä‡∏≤), ‡∏ä‡∏≤‡πÑ‡∏Ç‡πà‡∏°‡∏∏‡∏Å (‡∏Ñ‡∏•‡πâ‡∏≤‡∏¢‡∏Ç‡πâ‡∏≠‡∏Ç‡πâ‡∏≤‡∏á‡∏ö‡∏ô ‡πÅ‡∏Ñ‡πà‡πÄ‡∏û‡∏¥‡πà‡∏°‡πÑ‡∏Ç‡πà‡∏°‡∏∏‡∏Å), ‡∏ô‡∏°‡∏™‡∏î, ‡∏ô‡πâ‡∏≥‡∏≠‡∏±‡∏î‡∏•‡∏°, ‡∏ô‡πâ‡∏≥‡∏ú‡∏•‡πÑ‡∏°‡πâ","‡πÇ‡∏£‡πÅ‡∏°‡∏ô‡∏ï‡∏¥‡∏Ñ‡∏Å‡∏∏‡πä‡∏Å‡∏Å‡∏¥‡πä‡∏Å, ‡πÅ‡∏≠‡∏Ñ‡∏ä‡∏±‡πà‡∏ô‡∏ö‡∏π‡πä‡πÄ‡∏•‡∏∑‡∏≠‡∏î‡∏™‡∏≤‡∏î, ‡∏ß‡∏¥‡∏ó‡∏¢‡∏®‡∏≤‡∏™‡∏ï‡∏£‡πå‡∏™‡∏ï‡∏¥‡πÄ‡∏ü‡∏∑‡πà‡∏≠‡∏á, ‡πÅ‡∏ü‡∏ô‡∏ï‡∏≤‡∏ã‡∏µ‡∏´‡∏ô‡∏µ‡∏™‡∏π‡πà‡∏à‡∏¥‡∏ô‡∏ï‡∏ô‡∏≤‡∏Å‡∏≤‡∏£","‡∏ú‡∏à‡∏ç‡∏†‡∏±‡∏¢, ‡∏ô‡∏¥‡∏ô‡∏à‡∏≤‡∏ã‡∏≤‡∏°‡∏π‡πÑ‡∏£, ‡πÅ‡∏ü‡∏ô‡∏ï‡∏≤‡∏ã‡∏µ","‡∏Æ‡∏¥‡∏û‡∏Æ‡∏≠‡∏û‡∏î‡∏¥‡∏ß‡πä‡∏≤‡πÇ‡∏à‡πâ‡∏ß‡πÜ, K-Pop, Boyband, Girl Group, ‡∏™‡∏≤‡∏Å‡∏• ‡∏õ‡πä‡∏≠‡∏õ",‡πÄ‡∏ó‡∏µ‡πà‡∏¢‡∏ß‡∏Å‡∏•‡∏≤‡∏á‡∏ß‡∏±‡∏ô‡∏Ç‡∏¢‡∏±‡∏ô‡∏ä‡∏≠‡∏õ,‡∏ô‡πâ‡∏≠‡∏á‡πÅ‡∏°‡∏ß,‡πÑ‡∏°‡πà‡πÄ‡∏™‡∏û,‡∏´‡∏≠‡∏û‡∏±‡∏Å,‡∏≠‡∏∞‡πÅ‡∏Æ‡πà‡∏°...‡∏≠‡∏¢‡∏π‡πà‡∏Å‡∏±‡∏ö‡∏Ñ‡∏ô‡∏£‡∏π‡πâ‡πÉ‡∏à,"‡∏£‡∏ñ‡πÇ‡∏î‡∏¢‡∏™‡∏≤‡∏£ (‡∏£‡∏ñ‡πÄ‡∏°‡∏•‡πå, ‡∏û‡∏µ‡πà‡∏ß‡∏¥‡∏ô, ‡πÅ‡∏ó‡πä‡∏Å‡∏ã‡∏µ‡πà ‡πÑ‡∏î‡πâ‡∏´‡∏°‡∏î)",3,4,2,2,0,2,‡∏°‡∏µ‡πÅ‡∏•‡πâ‡∏ß‡πÄ‡∏û‡∏®‡πÄ‡∏î‡∏µ‡∏¢‡∏ß‡∏Å‡∏±‡∏ô,‡∏°‡∏≤‡∏Å‡∏Å‡∏ß‡πà‡∏≤ (‡∏≠‡∏¢‡∏π‡πà‡∏î‡πâ‡∏ß‡∏¢‡∏•‡∏∞‡∏≠‡∏∏‡πà‡∏ô‡πÉ‡∏à),‡πÄ‡∏Å‡∏¥‡∏ô 1 ‡∏õ‡∏µ
4/1/2020 12:23:34,‡πÇ‡∏≠‡∏ß‡∏±‡∏ô‡∏ï‡∏¥‡∏•,‡∏ä‡∏≤‡∏¢,23,176,75,‡πÑ‡∏°‡πà‡∏ó‡∏£‡∏≤‡∏ö,‡∏Ç‡∏≤‡∏ß‡∏≠‡∏°‡∏ä‡∏°‡∏û‡∏π,‡∏≠‡∏±‡∏ô‡πÄ‡∏î‡∏≠‡∏£‡πå‡∏Ñ‡∏±‡∏î (‡πÑ‡∏ñ‡πÄ‡∏õ‡∏¥‡∏î),‡∏´‡∏á‡∏≠‡∏Å‡∏Å‡∏£‡∏∞‡∏à‡∏≤‡∏¢,‡∏ó‡∏£‡∏á‡∏Å‡∏•‡∏°,‡πÑ‡∏°‡πà‡πÉ‡∏™‡πà,‡πÅ‡∏ï‡πà‡∏á‡∏ï‡∏≤‡∏°‡πÉ‡∏à‡∏ï‡∏±‡∏ß‡πÄ‡∏≠‡∏á,"‡∏≠‡∏≤‡∏´‡∏≤‡∏£‡πÑ‡∏ó‡∏¢, ‡∏≠‡∏≤‡∏´‡∏≤‡∏£‡∏ï‡∏≤‡∏°‡∏™‡∏±‡πà‡∏á (‡∏õ‡∏£‡∏∞‡πÄ‡∏†‡∏ó‡∏Ç‡πâ‡∏≤‡∏ß), ‡∏≠‡∏≤‡∏´‡∏≤‡∏£‡∏ï‡∏≤‡∏°‡∏™‡∏±‡πà‡∏á (‡∏õ‡∏£‡∏∞‡πÄ‡∏†‡∏ó‡πÄ‡∏™‡πâ‡∏ô), ‡∏ö‡∏∏‡∏ü‡πÄ‡∏ü‡πà‡∏õ‡∏¥‡πâ‡∏á‡∏¢‡πà‡∏≤‡∏á/‡∏ä‡∏≤‡∏ö‡∏π ‡πÑ‡∏î‡πâ‡∏´‡∏°‡∏î‡∏ñ‡πâ‡∏≤‡∏™‡∏î‡∏ä‡∏∑‡πà‡∏ô","‡πÅ‡∏û‡∏ô‡πÄ‡∏Ñ‡πâ‡∏Å, ‡∏ô‡πâ‡∏≥‡πÅ‡∏Ç‡πá‡∏á‡πÑ‡∏™, ‡πÇ‡∏ï‡πÄ‡∏Å‡∏µ‡∏¢‡∏ß, ‡∏Ç‡∏ô‡∏°‡πÑ‡∏ó‡∏¢ (‡∏ó‡∏≠‡∏á‡∏´‡∏¢‡∏¥‡∏ö, ‡∏ó‡∏≠‡∏á‡∏´‡∏¢‡∏≠‡∏î, ‡∏ù‡∏≠‡∏¢‡∏ó‡∏≠‡∏á)","‡∏ä‡∏≤‡πÑ‡∏Ç‡πà‡∏°‡∏∏‡∏Å (‡∏Ñ‡∏•‡πâ‡∏≤‡∏¢‡∏Ç‡πâ‡∏≠‡∏Ç‡πâ‡∏≤‡∏á‡∏ö‡∏ô ‡πÅ‡∏Ñ‡πà‡πÄ‡∏û‡∏¥‡πà‡∏°‡πÑ‡∏Ç‡πà‡∏°‡∏∏‡∏Å), ‡∏ô‡πâ‡∏≥‡∏≠‡∏±‡∏î‡∏•‡∏°, ‡πÇ‡∏≠‡πÄ‡∏•‡∏µ‡πâ‡∏¢‡∏á, ‡∏ô‡πâ‡∏≥‡∏ä‡∏á (‡πÅ‡∏î‡∏á‡πÇ‡∏ã‡∏î‡∏≤, ‡∏°‡∏∞‡∏ô‡∏≤‡∏ß‡πÇ‡∏ã‡∏î‡∏≤, ‡∏ö‡πä‡∏ß‡∏¢‡πÇ‡∏ã‡∏î‡∏≤ ‡∏ï‡∏≤‡∏°‡∏£‡πâ‡∏≤‡∏ô‡∏≠‡∏≤‡πÅ‡∏õ‡∏∞)","‡πÅ‡∏≠‡∏Ñ‡∏ä‡∏±‡πà‡∏ô‡∏ö‡∏π‡πä‡πÄ‡∏•‡∏∑‡∏≠‡∏î‡∏™‡∏≤‡∏î, ‡∏™‡∏∑‡∏ö‡∏™‡∏ß‡∏ô‡∏™‡∏∏‡∏î‡∏°‡∏±‡∏ô","‡∏Å‡∏µ‡∏¨‡∏≤, ‡∏ú‡∏à‡∏ç‡∏†‡∏±‡∏¢, ‡∏ô‡∏¥‡∏ô‡∏à‡∏≤‡∏ã‡∏≤‡∏°‡∏π‡πÑ‡∏£, ‡πÅ‡∏ü‡∏ô‡∏ï‡∏≤‡∏ã‡∏µ, ‡∏ß‡∏±‡∏¢‡∏£‡∏∏‡πà‡∏ô‡∏ö‡πâ‡∏≤‡∏û‡∏•‡∏±‡∏á, ‡∏Æ‡∏≤‡πÄ‡∏•‡πá‡∏°, ‡∏Æ‡∏µ‡πÇ‡∏£‡πà‡∏™‡∏π‡πâ‡∏Å‡∏±‡∏ö‡∏™‡∏±‡∏ï‡∏ß‡πå‡∏õ‡∏£‡∏∞‡∏´‡∏•‡∏≤‡∏î, ‡∏à‡∏≠‡∏°‡∏¢‡∏∏‡∏ó‡∏ò","‡πÅ‡∏à‡πä‡∏™‡πÅ‡∏ö‡∏ö‡∏ú‡∏π‡πâ‡∏î‡∏µ, ‡∏î‡∏¥‡∏™‡πÇ‡∏Å‡πâ (‡πÅ‡∏Å‡πà‡πÄ‡∏Å‡∏¥‡∏ô‡∏ß‡∏±‡∏¢‡∏°‡∏≤‡∏Å), ‡∏Æ‡∏¥‡∏û‡∏Æ‡∏≠‡∏û‡∏î‡∏¥‡∏ß‡πä‡∏≤‡πÇ‡∏à‡πâ‡∏ß‡πÜ, ‡∏£‡πá‡∏≠‡∏Ñ‡∏™‡∏∏‡∏î‡πÉ‡∏à, EDM ‡∏ï‡∏∑‡πä‡∏î‡πÜ, ‡πÄ‡∏û‡∏∑‡πà‡∏≠‡∏ä‡∏µ‡∏ß‡∏¥‡∏ï, ‡∏•‡∏π‡∏Å‡∏ó‡∏∏‡πà‡∏á",‡πÄ‡∏ó‡∏µ‡πà‡∏¢‡∏ß‡∏ú‡∏±‡∏ö‡∏Å‡∏•‡∏±‡∏ö‡πÄ‡∏ä‡πâ‡∏≤,‡∏ô‡πâ‡∏≠‡∏á‡∏´‡∏°‡∏≤,‡πÑ‡∏°‡πà‡πÄ‡∏™‡∏û,‡∏ö‡πâ‡∏≤‡∏ô,‡∏≠‡∏¢‡∏π‡πà‡∏Ñ‡∏£‡∏≠‡∏ö‡∏Ñ‡∏£‡∏±‡∏ß‡∏≠‡∏ö‡∏≠‡∏∏‡πà‡∏ô (‡πÑ‡∏°‡πà‡∏≠‡∏ö‡∏≠‡πâ‡∏≤‡∏ß),‡∏°‡∏≠‡πÄ‡∏ï‡∏≠‡∏£‡πå‡πÑ‡∏ã‡∏Ñ‡πå‡∏™‡πà‡∏ß‡∏ô‡∏ï‡∏±‡∏ß,2,4,3,7,2,‡∏°‡∏≤‡∏Å‡∏Å‡∏ß‡πà‡∏≤ 5 (‡∏£‡πâ‡∏≤‡∏¢‡∏Å‡∏≤‡∏à),‡∏°‡∏µ‡πÅ‡∏•‡πâ‡∏ß‡∏Ñ‡∏ô‡∏•‡∏∞‡πÄ‡∏û‡∏®,‡∏ô‡πâ‡∏≠‡∏¢‡∏Å‡∏ß‡πà‡∏≤ (‡∏≠‡∏°‡∏ï‡∏∞‡∏Å‡∏¥‡∏ô‡πÄ‡∏î‡πá‡∏Å),‡πÄ‡∏Å‡∏¥‡∏ô 1 ‡∏õ‡∏µ
4/1/2020 12:32:06,‡∏à‡∏∏‡∏á,‡πÑ‡∏°‡πà‡∏ï‡πâ‡∏≠‡∏á‡∏Å‡∏≤‡∏£‡∏£‡∏∞‡∏ö‡∏∏,23,169,56,32-25-36,‡∏™‡∏µ‡πÅ‡∏ó‡∏ô (‡∏™‡∏µ‡∏ô‡πâ‡∏≥‡∏ú‡∏∂‡πâ‡∏á),‡∏ú‡∏°‡∏¢‡∏≤‡∏ß‡∏ñ‡∏∂‡∏á‡∏Å‡∏•‡∏≤‡∏á‡∏´‡∏•‡∏±‡∏á,‡∏î‡∏≥‡∏™‡∏ô‡∏¥‡∏ó,‡∏™‡∏µ‡πà‡πÄ‡∏´‡∏•‡∏µ‡πà‡∏¢‡∏°,‡πÉ‡∏™‡πà,‡∏ß‡∏¥‡∏ô‡πÄ‡∏ó‡∏à,"‡∏≠‡∏≤‡∏´‡∏≤‡∏£‡∏ï‡∏≤‡∏°‡∏™‡∏±‡πà‡∏á (‡∏õ‡∏£‡∏∞‡πÄ‡∏†‡∏ó‡∏Ç‡πâ‡∏≤‡∏ß), ‡∏≠‡∏≤‡∏´‡∏≤‡∏£‡∏ï‡∏≤‡∏°‡∏™‡∏±‡πà‡∏á (‡∏õ‡∏£‡∏∞‡πÄ‡∏†‡∏ó‡πÄ‡∏™‡πâ‡∏ô), ‡∏≠‡∏≤‡∏´‡∏≤‡∏£‡∏ü‡∏£‡∏µ (‡∏Å‡∏≤‡∏ù‡∏≤‡∏Å‡∏°‡∏≤‡∏Å‡∏ö‡∏≠‡∏Å‡πÄ‡∏•‡∏¢), ‡∏ö‡∏∏‡∏ü‡πÄ‡∏ü‡πà‡∏õ‡∏¥‡πâ‡∏á‡∏¢‡πà‡∏≤‡∏á/‡∏ä‡∏≤‡∏ö‡∏π ‡πÑ‡∏î‡πâ‡∏´‡∏°‡∏î‡∏ñ‡πâ‡∏≤‡∏™‡∏î‡∏ä‡∏∑‡πà‡∏ô","‡πÄ‡∏Ñ‡πâ‡∏Å, ‡πÑ‡∏≠‡∏®‡∏£‡∏µ‡∏°, ‡∏Ç‡∏ô‡∏°‡πÑ‡∏ó‡∏¢ (‡∏ó‡∏≠‡∏á‡∏´‡∏¢‡∏¥‡∏ö, ‡∏ó‡∏≠‡∏á‡∏´‡∏¢‡∏≠‡∏î, ‡∏ù‡∏≠‡∏¢‡∏ó‡∏≠‡∏á)","‡∏ô‡∏°‡∏™‡∏î, ‡πÇ‡∏≠‡πÄ‡∏•‡∏µ‡πâ‡∏¢‡∏á, ‡∏Å‡∏≤‡πÅ‡∏ü","‡πÅ‡∏≠‡∏Ñ‡∏ä‡∏±‡πà‡∏ô‡∏ö‡∏π‡πä‡πÄ‡∏•‡∏∑‡∏≠‡∏î‡∏™‡∏≤‡∏î, ‡∏ú‡∏µ‡∏´‡∏•‡∏≠‡∏Å‡∏Ñ‡∏∑‡∏ô‡∏´‡∏•‡∏≠‡∏ô","‡∏ú‡∏à‡∏ç‡∏†‡∏±‡∏¢, ‡πÅ‡∏ü‡∏ô‡∏ï‡∏≤‡∏ã‡∏µ","‡πÄ‡∏û‡∏∑‡πà‡∏≠‡∏ä‡∏µ‡∏ß‡∏¥‡∏ï, ‡∏•‡∏π‡∏Å‡∏ó‡∏∏‡πà‡∏á",‡πÄ‡∏Ç‡πâ‡∏≤‡∏ß‡∏±‡∏î‡πÄ‡∏Ç‡πâ‡∏≤‡∏ß‡∏≤,‡∏ô‡πâ‡∏≠‡∏á‡∏´‡∏°‡∏≤,‡πÑ‡∏°‡πà‡πÄ‡∏™‡∏û,‡∏´‡∏≠‡∏û‡∏±‡∏Å,‡∏≠‡∏¢‡∏π‡πà‡∏Ñ‡∏ô‡πÄ‡∏î‡∏µ‡∏¢‡∏ß‡πÄ‡∏´‡∏á‡∏≤‡πÜ,"‡∏£‡∏ñ‡πÇ‡∏î‡∏¢‡∏™‡∏≤‡∏£ (‡∏£‡∏ñ‡πÄ‡∏°‡∏•‡πå, ‡∏û‡∏µ‡πà‡∏ß‡∏¥‡∏ô, ‡πÅ‡∏ó‡πä‡∏Å‡∏ã‡∏µ‡πà ‡πÑ‡∏î‡πâ‡∏´‡∏°‡∏î)",5,4,4,1,0,4,‡∏Å‡πá‡∏ö‡∏≠‡∏Å‡∏ß‡πà‡∏≤‡∏¢‡∏±‡∏á‡πÑ‡∏°‡πà‡∏°‡∏µ‡πÑ‡∏á‡∏≠‡∏¢‡πà‡∏≤‡∏¢‡πâ‡∏≥‡πÑ‡∏î‡πâ‡∏õ‡πà‡∏∞....,‡∏°‡∏≤‡∏Å‡∏Å‡∏ß‡πà‡∏≤ (‡∏≠‡∏¢‡∏π‡πà‡∏î‡πâ‡∏ß‡∏¢‡∏•‡∏∞‡∏≠‡∏∏‡πà‡∏ô‡πÉ‡∏à),‡πÇ‡∏™‡∏î...‡∏á‡∏∞ ‡∏≠‡∏î‡∏≠‡∏¢‡∏≤‡∏Å‡∏õ‡∏≤‡∏Å‡πÅ‡∏´‡πâ‡∏á...‡∏°‡∏±‡πà‡∏Å‡πÄ‡∏£‡∏¢
4/1/2020 13:33:05,‡πÑ‡∏°‡πà‡∏°‡∏µ,‡∏ä‡∏≤‡∏¢,25,180,80,,‡∏Ñ‡∏•‡πâ‡∏≥‡∏ô‡∏¥‡∏î‡πÜ,‡∏£‡∏≠‡∏á‡∏ó‡∏£‡∏á‡∏™‡∏π‡∏á,‡∏î‡∏≥‡∏™‡∏ô‡∏¥‡∏ó,‡∏£‡∏π‡∏õ‡πÑ‡∏Ç‡πà,‡πÑ‡∏°‡πà‡πÉ‡∏™‡πà,‡∏°‡∏µ‡∏≠‡∏∞‡πÑ‡∏£‡∏Å‡πá‡∏´‡∏¢‡∏¥‡∏ö‡πÉ‡∏™‡πà‡πÜ‡πÑ‡∏õ ‡∏´‡∏ô‡πâ‡∏≤‡∏ï‡∏≤‡∏î‡∏µ‡πÑ‡∏°‡πà‡πÅ‡∏Ñ‡∏£‡πå,"‡∏≠‡∏≤‡∏´‡∏≤‡∏£‡πÑ‡∏ó‡∏¢, ‡∏≠‡∏≤‡∏´‡∏≤‡∏£‡∏ù‡∏£‡∏±‡πà‡∏á, ‡∏ö‡∏∏‡∏ü‡πÄ‡∏ü‡πà‡∏õ‡∏¥‡πâ‡∏á‡∏¢‡πà‡∏≤‡∏á/‡∏ä‡∏≤‡∏ö‡∏π ‡πÑ‡∏î‡πâ‡∏´‡∏°‡∏î‡∏ñ‡πâ‡∏≤‡∏™‡∏î‡∏ä‡∏∑‡πà‡∏ô","‡πÄ‡∏Ñ‡πâ‡∏Å, ‡πÑ‡∏≠‡∏®‡∏£‡∏µ‡∏°, ‡∏ö‡∏¥‡∏á‡∏ã‡∏π, ‡∏ß‡∏±‡∏ü‡πÄ‡∏ü‡∏¥‡∏•, ‡∏ô‡πâ‡∏≥‡πÅ‡∏Ç‡πá‡∏á‡πÑ‡∏™, ‡πÇ‡∏ï‡πÄ‡∏Å‡∏µ‡∏¢‡∏ß, ‡∏Ç‡∏ô‡∏°‡πÑ‡∏ó‡∏¢ (‡∏ó‡∏≠‡∏á‡∏´‡∏¢‡∏¥‡∏ö, ‡∏ó‡∏≠‡∏á‡∏´‡∏¢‡∏≠‡∏î, ‡∏ù‡∏≠‡∏¢‡∏ó‡∏≠‡∏á)","‡∏ä‡∏≤‡πÑ‡∏Ç‡πà‡∏°‡∏∏‡∏Å (‡∏Ñ‡∏•‡πâ‡∏≤‡∏¢‡∏Ç‡πâ‡∏≠‡∏Ç‡πâ‡∏≤‡∏á‡∏ö‡∏ô ‡πÅ‡∏Ñ‡πà‡πÄ‡∏û‡∏¥‡πà‡∏°‡πÑ‡∏Ç‡πà‡∏°‡∏∏‡∏Å), ‡∏ô‡πâ‡∏≥‡∏≠‡∏±‡∏î‡∏•‡∏°","‡∏ï‡∏•‡∏Å‡πÄ‡∏£‡∏∑‡πà‡∏≠‡∏¢‡πÄ‡∏õ‡∏∑‡πà‡∏≠‡∏¢, ‡πÅ‡∏≠‡∏Ñ‡∏ä‡∏±‡πà‡∏ô‡∏ö‡∏π‡πä‡πÄ‡∏•‡∏∑‡∏≠‡∏î‡∏™‡∏≤‡∏î","‡∏ô‡∏¥‡∏ô‡∏à‡∏≤‡∏ã‡∏≤‡∏°‡∏π‡πÑ‡∏£, ‡∏ß‡∏±‡∏¢‡∏£‡∏∏‡πà‡∏ô‡∏ö‡πâ‡∏≤‡∏û‡∏•‡∏±‡∏á",‡∏•‡∏π‡∏Å‡∏ó‡∏∏‡πà‡∏á,‡∏™‡∏≤‡∏¢‡πÅ‡∏î‡∏Å‡πÅ‡∏´‡∏Å‡∏ó‡∏∏‡∏Å‡∏£‡πâ‡∏≤‡∏ô,‡∏ô‡πâ‡∏≠‡∏á‡πÅ‡∏°‡∏ß,‡πÑ‡∏°‡πà‡πÄ‡∏™‡∏û,‡∏ö‡πâ‡∏≤‡∏ô,‡∏≠‡∏¢‡∏π‡πà‡∏Ñ‡∏£‡∏≠‡∏ö‡∏Ñ‡∏£‡∏±‡∏ß‡∏≠‡∏ö‡∏≠‡∏∏‡πà‡∏ô (‡πÑ‡∏°‡πà‡∏≠‡∏ö‡∏≠‡πâ‡∏≤‡∏ß),‡∏°‡∏≠‡πÄ‡∏ï‡∏≠‡∏£‡πå‡πÑ‡∏ã‡∏Ñ‡πå‡∏™‡πà‡∏ß‡∏ô‡∏ï‡∏±‡∏ß,3,3,2,3,0,‡∏°‡∏≤‡∏Å‡∏Å‡∏ß‡πà‡∏≤ 5 (‡∏£‡πâ‡∏≤‡∏¢‡∏Å‡∏≤‡∏à),‡∏°‡∏µ‡πÅ‡∏•‡πâ‡∏ß‡∏Ñ‡∏ô‡∏•‡∏∞‡πÄ‡∏û‡∏®,‡πÄ‡∏ó‡πà‡∏≤‡∏Å‡∏±‡∏ô (‡∏ï‡∏ö‡∏´‡∏±‡∏ß‡∏Å‡∏±‡∏ô‡∏¢‡∏±‡∏á‡∏Å‡∏∞‡πÄ‡∏û‡∏∑‡πà‡∏≠‡∏ô),‡πÄ‡∏Å‡∏¥‡∏ô 1 ‡∏õ‡∏µ
4/1/2020 14:33:58,bbb,‡∏ä‡∏≤‡∏¢,21,172,52,,‡∏Ñ‡∏•‡πâ‡∏≥‡∏ô‡∏¥‡∏î‡πÜ,,‡∏î‡∏≥‡∏™‡∏ô‡∏¥‡∏ó,‡∏£‡∏π‡∏õ‡πÑ‡∏Ç‡πà,‡πÑ‡∏°‡πà‡πÉ‡∏™‡πà,‡πÄ‡∏ô‡πâ‡∏ô‡∏Ç‡∏≠‡∏á‡πÅ‡∏ö‡∏£‡∏ô‡∏î‡πå‡πÄ‡∏ô‡∏°,"‡∏≠‡∏≤‡∏´‡∏≤‡∏£‡πÑ‡∏ó‡∏¢, ‡∏≠‡∏≤‡∏´‡∏≤‡∏£‡∏ù‡∏£‡∏±‡πà‡∏á, ‡∏ö‡∏∏‡∏ü‡πÄ‡∏ü‡πà‡∏õ‡∏¥‡πâ‡∏á‡∏¢‡πà‡∏≤‡∏á/‡∏ä‡∏≤‡∏ö‡∏π ‡πÑ‡∏î‡πâ‡∏´‡∏°‡∏î‡∏ñ‡πâ‡∏≤‡∏™‡∏î‡∏ä‡∏∑‡πà‡∏ô","‡πÑ‡∏≠‡∏®‡∏£‡∏µ‡∏°, ‡∏ö‡∏¥‡∏á‡∏ã‡∏π, ‡∏ß‡∏±‡∏ü‡πÄ‡∏ü‡∏¥‡∏•, ‡πÅ‡∏û‡∏ô‡πÄ‡∏Ñ‡πâ‡∏Å, ‡∏ô‡πâ‡∏≥‡πÅ‡∏Ç‡πá‡∏á‡πÑ‡∏™","‡∏ä‡∏≤ (‡πÑ‡∏î‡πâ‡∏´‡∏°‡∏î ‡∏ä‡∏≤‡πÑ‡∏ó‡∏¢, ‡∏ä‡∏≤‡∏ô‡∏°, ‡∏ä‡∏≤‡πÄ‡∏Ç‡∏µ‡∏¢‡∏ß, ‡∏ä‡∏≤‡πÄ‡∏¢‡πá‡∏ô ‡∏≠‡∏∞‡πÑ‡∏£‡∏ó‡∏µ‡πà‡πÄ‡∏õ‡πá‡∏ô‡∏ä‡∏≤), ‡∏ä‡∏≤‡πÑ‡∏Ç‡πà‡∏°‡∏∏‡∏Å (‡∏Ñ‡∏•‡πâ‡∏≤‡∏¢‡∏Ç‡πâ‡∏≠‡∏Ç‡πâ‡∏≤‡∏á‡∏ö‡∏ô ‡πÅ‡∏Ñ‡πà‡πÄ‡∏û‡∏¥‡πà‡∏°‡πÑ‡∏Ç‡πà‡∏°‡∏∏‡∏Å), ‡∏ô‡∏°‡∏™‡∏î, ‡∏ô‡πâ‡∏≥‡∏≠‡∏±‡∏î‡∏•‡∏°, ‡∏ô‡πâ‡∏≥‡∏ú‡∏•‡πÑ‡∏°‡πâ, ‡∏Å‡∏≤‡πÅ‡∏ü, ‡∏ä‡∏≠‡∏Ñ‡πÇ‡∏Å‡πÅ‡∏•‡∏ï, ‡∏ô‡πâ‡∏≥‡∏ä‡∏á (‡πÅ‡∏î‡∏á‡πÇ‡∏ã‡∏î‡∏≤, ‡∏°‡∏∞‡∏ô‡∏≤‡∏ß‡πÇ‡∏ã‡∏î‡∏≤, ‡∏ö‡πä‡∏ß‡∏¢‡πÇ‡∏ã‡∏î‡∏≤ ‡∏ï‡∏≤‡∏°‡∏£‡πâ‡∏≤‡∏ô‡∏≠‡∏≤‡πÅ‡∏õ‡∏∞)","‡πÇ‡∏£‡πÅ‡∏°‡∏ô‡∏ï‡∏¥‡∏Ñ‡∏Å‡∏∏‡πä‡∏Å‡∏Å‡∏¥‡πä‡∏Å, ‡∏ï‡∏•‡∏Å‡πÄ‡∏£‡∏∑‡πà‡∏≠‡∏¢‡πÄ‡∏õ‡∏∑‡πà‡∏≠‡∏¢, ‡πÅ‡∏≠‡∏Ñ‡∏ä‡∏±‡πà‡∏ô‡∏ö‡∏π‡πä‡πÄ‡∏•‡∏∑‡∏≠‡∏î‡∏™‡∏≤‡∏î, ‡∏™‡∏∑‡∏ö‡∏™‡∏ß‡∏ô‡∏™‡∏∏‡∏î‡∏°‡∏±‡∏ô, ‡∏ß‡∏¥‡∏ó‡∏¢‡∏®‡∏≤‡∏™‡∏ï‡∏£‡πå‡∏™‡∏ï‡∏¥‡πÄ‡∏ü‡∏∑‡πà‡∏≠‡∏á, ‡πÅ‡∏ü‡∏ô‡∏ï‡∏≤‡∏ã‡∏µ‡∏´‡∏ô‡∏µ‡∏™‡∏π‡πà‡∏à‡∏¥‡∏ô‡∏ï‡∏ô‡∏≤‡∏Å‡∏≤‡∏£, ‡∏™‡∏≤‡∏£‡∏Ñ‡∏î‡∏µ","‡πÅ‡∏ü‡∏ô‡∏ï‡∏≤‡∏ã‡∏µ, ‡∏Æ‡∏µ‡πÇ‡∏£‡πà‡∏™‡∏π‡πâ‡∏Å‡∏±‡∏ö‡∏™‡∏±‡∏ï‡∏ß‡πå‡∏õ‡∏£‡∏∞‡∏´‡∏•‡∏≤‡∏î",EDM ‡∏ï‡∏∑‡πä‡∏î‡πÜ,‡∏™‡∏≤‡∏¢‡πÄ‡∏Ç‡πâ‡∏≤‡∏õ‡πà‡∏≤,‡∏ô‡πâ‡∏≠‡∏á‡∏´‡∏°‡∏≤,‡πÑ‡∏°‡πà‡πÄ‡∏™‡∏û,‡∏ö‡πâ‡∏≤‡∏ô,‡∏≠‡∏¢‡∏π‡πà‡∏Ñ‡∏£‡∏≠‡∏ö‡∏Ñ‡∏£‡∏±‡∏ß‡∏≠‡∏ö‡∏≠‡∏∏‡πà‡∏ô (‡πÑ‡∏°‡πà‡∏≠‡∏ö‡∏≠‡πâ‡∏≤‡∏ß),‡∏£‡∏ñ‡∏¢‡∏ô‡∏ï‡πå‡∏™‡πà‡∏ß‡∏ô‡∏ï‡∏±‡∏ß,2,5,4,1,0,1,‡∏Å‡πá‡∏ö‡∏≠‡∏Å‡∏ß‡πà‡∏≤‡∏¢‡∏±‡∏á‡πÑ‡∏°‡πà‡∏°‡∏µ‡πÑ‡∏á‡∏≠‡∏¢‡πà‡∏≤‡∏¢‡πâ‡∏≥‡πÑ‡∏î‡πâ‡∏õ‡πà‡∏∞....,‡∏ô‡πâ‡∏≠‡∏¢‡∏Å‡∏ß‡πà‡∏≤ (‡∏≠‡∏°‡∏ï‡∏∞‡∏Å‡∏¥‡∏ô‡πÄ‡∏î‡πá‡∏Å),‡πÇ‡∏™‡∏î...‡∏á‡∏∞ ‡∏≠‡∏î‡∏≠‡∏¢‡∏≤‡∏Å‡∏õ‡∏≤‡∏Å‡πÅ‡∏´‡πâ‡∏á...‡∏°‡∏±‡πà‡∏Å‡πÄ‡∏£‡∏¢
4/1/2020 14:35:23,N,‡∏ä‡∏≤‡∏¢,22,172,111,.,‡∏Ç‡∏≤‡∏ß‡πÄ‡∏´‡∏•‡∏∑‡∏≠‡∏á‡πÅ‡∏ö‡∏ö‡πÄ‡∏≠‡πÄ‡∏ä‡∏µ‡∏¢,‡∏£‡∏≠‡∏á‡∏ó‡∏£‡∏á‡∏™‡∏π‡∏á,‡∏î‡∏≥‡∏™‡∏ô‡∏¥‡∏ó,‡πÅ‡∏õ‡∏î‡πÄ‡∏´‡∏•‡∏µ‡πà‡∏¢‡∏° (‡∏°‡∏±‡∏ô‡∏°‡∏µ‡∏ó‡∏µ‡πà‡πÑ‡∏´‡∏ô?),‡πÑ‡∏°‡πà‡πÉ‡∏™‡πà,‡∏°‡∏µ‡∏≠‡∏∞‡πÑ‡∏£‡∏Å‡πá‡∏´‡∏¢‡∏¥‡∏ö‡πÉ‡∏™‡πà‡πÜ‡πÑ‡∏õ ‡∏´‡∏ô‡πâ‡∏≤‡∏ï‡∏≤‡∏î‡∏µ‡πÑ‡∏°‡πà‡πÅ‡∏Ñ‡∏£‡πå,‡∏≠‡∏≤‡∏´‡∏≤‡∏£‡πÑ‡∏ó‡∏¢,‡∏ö‡∏¥‡∏á‡∏ã‡∏π,‡∏ä‡∏≤‡πÑ‡∏Ç‡πà‡∏°‡∏∏‡∏Å (‡∏Ñ‡∏•‡πâ‡∏≤‡∏¢‡∏Ç‡πâ‡∏≠‡∏Ç‡πâ‡∏≤‡∏á‡∏ö‡∏ô ‡πÅ‡∏Ñ‡πà‡πÄ‡∏û‡∏¥‡πà‡∏°‡πÑ‡∏Ç‡πà‡∏°‡∏∏‡∏Å),"‡πÇ‡∏£‡πÅ‡∏°‡∏ô‡∏ï‡∏¥‡∏Ñ‡∏Å‡∏∏‡πä‡∏Å‡∏Å‡∏¥‡πä‡∏Å, ‡∏™‡∏≤‡∏£‡∏Ñ‡∏î‡∏µ","‡∏Å‡∏µ‡∏¨‡∏≤, ‡πÅ‡∏ü‡∏ô‡∏ï‡∏≤‡∏ã‡∏µ","‡∏ö‡∏•‡∏π‡∏™‡πå‡πÅ‡∏ö‡∏ö‡πÄ‡∏Ç‡πâ‡∏≤‡∏ñ‡∏∂‡∏á, ‡πÄ‡∏û‡∏∑‡πà‡∏≠‡∏ä‡∏µ‡∏ß‡∏¥‡∏ï",‡πÄ‡∏ó‡∏µ‡πà‡∏¢‡∏ß‡∏Å‡∏•‡∏≤‡∏á‡∏ß‡∏±‡∏ô‡∏Ç‡∏¢‡∏±‡∏ô‡∏ä‡∏≠‡∏õ,‡∏ô‡πâ‡∏≠‡∏á‡πÅ‡∏°‡∏ß,‡πÑ‡∏°‡πà‡πÄ‡∏™‡∏û,‡∏ö‡πâ‡∏≤‡∏ô,‡∏≠‡∏¢‡∏π‡πà‡∏Ñ‡∏£‡∏≠‡∏ö‡∏Ñ‡∏£‡∏±‡∏ß‡∏≠‡∏ö‡∏≠‡∏∏‡πà‡∏ô (‡πÑ‡∏°‡πà‡∏≠‡∏ö‡∏≠‡πâ‡∏≤‡∏ß),‡πÄ‡∏î‡∏¥‡∏ô....,3,3,4,5,0,1,‡∏Å‡πá‡∏ö‡∏≠‡∏Å‡∏ß‡πà‡∏≤‡∏¢‡∏±‡∏á‡πÑ‡∏°‡πà‡∏°‡∏µ‡πÑ‡∏á‡∏≠‡∏¢‡πà‡∏≤‡∏¢‡πâ‡∏≥‡πÑ‡∏î‡πâ‡∏õ‡πà‡∏∞....,‡∏ô‡πâ‡∏≠‡∏¢‡∏Å‡∏ß‡πà‡∏≤ (‡∏≠‡∏°‡∏ï‡∏∞‡∏Å‡∏¥‡∏ô‡πÄ‡∏î‡πá‡∏Å),‡πÄ‡∏Å‡∏¥‡∏ô 1 ‡∏õ‡∏µ
4/1/2020 14:52:14,‡∏Ñ‡∏ô‡∏™‡∏ß‡∏¢,‡∏´‡∏ç‡∏¥‡∏á,22,159,63,‡πÑ‡∏°‡πà‡∏ö‡∏≠‡∏Å,‡∏™‡∏µ‡πÅ‡∏ó‡∏ô (‡∏™‡∏µ‡∏ô‡πâ‡∏≥‡∏ú‡∏∂‡πâ‡∏á),‡∏ú‡∏°‡∏¢‡∏≤‡∏ß‡∏ñ‡∏∂‡∏á‡∏Å‡∏•‡∏≤‡∏á‡∏´‡∏•‡∏±‡∏á,‡∏î‡∏≥‡∏™‡∏ô‡∏¥‡∏ó,‡∏£‡∏π‡∏õ‡πÑ‡∏Ç‡πà,‡πÑ‡∏°‡πà‡πÉ‡∏™‡πà,‡∏°‡∏µ‡∏≠‡∏∞‡πÑ‡∏£‡∏Å‡πá‡∏´‡∏¢‡∏¥‡∏ö‡πÉ‡∏™‡πà‡πÜ‡πÑ‡∏õ ‡∏´‡∏ô‡πâ‡∏≤‡∏ï‡∏≤‡∏î‡∏µ‡πÑ‡∏°‡πà‡πÅ‡∏Ñ‡∏£‡πå,"‡∏≠‡∏≤‡∏´‡∏≤‡∏£‡πÑ‡∏ó‡∏¢, ‡∏ö‡∏∏‡∏ü‡πÄ‡∏ü‡πà‡∏õ‡∏¥‡πâ‡∏á‡∏¢‡πà‡∏≤‡∏á/‡∏ä‡∏≤‡∏ö‡∏π ‡πÑ‡∏î‡πâ‡∏´‡∏°‡∏î‡∏ñ‡πâ‡∏≤‡∏™‡∏î‡∏ä‡∏∑‡πà‡∏ô","‡∏ö‡∏¥‡∏á‡∏ã‡∏π, ‡πÇ‡∏ï‡πÄ‡∏Å‡∏µ‡∏¢‡∏ß","‡∏ä‡∏≤ (‡πÑ‡∏î‡πâ‡∏´‡∏°‡∏î ‡∏ä‡∏≤‡πÑ‡∏ó‡∏¢, ‡∏ä‡∏≤‡∏ô‡∏°, ‡∏ä‡∏≤‡πÄ‡∏Ç‡∏µ‡∏¢‡∏ß, ‡∏ä‡∏≤‡πÄ‡∏¢‡πá‡∏ô ‡∏≠‡∏∞‡πÑ‡∏£‡∏ó‡∏µ‡πà‡πÄ‡∏õ‡πá‡∏ô‡∏ä‡∏≤)","‡πÇ‡∏£‡πÅ‡∏°‡∏ô‡∏ï‡∏¥‡∏Ñ‡∏Å‡∏∏‡πä‡∏Å‡∏Å‡∏¥‡πä‡∏Å, ‡∏ï‡∏•‡∏Å‡πÄ‡∏£‡∏∑‡πà‡∏≠‡∏¢‡πÄ‡∏õ‡∏∑‡πà‡∏≠‡∏¢, ‡πÅ‡∏≠‡∏Ñ‡∏ä‡∏±‡πà‡∏ô‡∏ö‡∏π‡πä‡πÄ‡∏•‡∏∑‡∏≠‡∏î‡∏™‡∏≤‡∏î, ‡∏ú‡∏µ‡∏´‡∏•‡∏≠‡∏Å‡∏Ñ‡∏∑‡∏ô‡∏´‡∏•‡∏≠‡∏ô, ‡∏™‡∏∑‡∏ö‡∏™‡∏ß‡∏ô‡∏™‡∏∏‡∏î‡∏°‡∏±‡∏ô, ‡∏¢‡πâ‡∏≠‡∏ô‡∏¢‡∏∏‡∏Ñ‡∏õ‡∏•‡∏∏‡∏Å‡∏õ‡∏£‡∏∞‡∏ß‡∏±‡∏ï‡∏¥‡∏®‡∏≤‡∏™‡∏ï‡∏£‡πå, ‡∏™‡∏≤‡∏£‡∏Ñ‡∏î‡∏µ",‡∏ô‡∏¥‡∏ô‡∏à‡∏≤‡∏ã‡∏≤‡∏°‡∏π‡πÑ‡∏£,"EDM ‡∏ï‡∏∑‡πä‡∏î‡πÜ, ‡πÄ‡∏û‡∏∑‡πà‡∏≠‡∏ä‡∏µ‡∏ß‡∏¥‡∏ï, ‡∏•‡∏π‡∏Å‡∏ó‡∏∏‡πà‡∏á",‡πÄ‡∏Ç‡πâ‡∏≤‡∏ß‡∏±‡∏î‡πÄ‡∏Ç‡πâ‡∏≤‡∏ß‡∏≤,‡∏ô‡πâ‡∏≠‡∏á‡∏´‡∏°‡∏≤ ‡∏ô‡πâ‡∏≠‡∏á‡πÅ‡∏°‡∏ß ‡∏ô‡πâ‡∏≠‡∏á‡∏õ‡∏•‡∏≤ ‡∏ô‡πâ‡∏≠‡∏á‡∏Å‡∏£‡∏∞‡∏£‡∏≠‡∏Å ,‡πÑ‡∏°‡πà‡πÄ‡∏™‡∏û,‡∏´‡∏≠‡∏û‡∏±‡∏Å,‡∏≠‡∏∞‡πÅ‡∏Æ‡πà‡∏°...‡∏≠‡∏¢‡∏π‡πà‡∏Å‡∏±‡∏ö‡∏Ñ‡∏ô‡∏£‡∏π‡πâ‡πÉ‡∏à,"‡∏£‡∏ñ‡πÇ‡∏î‡∏¢‡∏™‡∏≤‡∏£ (‡∏£‡∏ñ‡πÄ‡∏°‡∏•‡πå, ‡∏û‡∏µ‡πà‡∏ß‡∏¥‡∏ô, ‡πÅ‡∏ó‡πä‡∏Å‡∏ã‡∏µ‡πà ‡πÑ‡∏î‡πâ‡∏´‡∏°‡∏î)",3,4,3,1,0,‡∏°‡∏≤‡∏Å‡∏Å‡∏ß‡πà‡∏≤ 5 (‡∏£‡πâ‡∏≤‡∏¢‡∏Å‡∏≤‡∏à),‡∏°‡∏µ‡πÅ‡∏•‡πâ‡∏ß‡∏Ñ‡∏ô‡∏•‡∏∞‡πÄ‡∏û‡∏®,‡πÄ‡∏ó‡πà‡∏≤‡∏Å‡∏±‡∏ô (‡∏ï‡∏ö‡∏´‡∏±‡∏ß‡∏Å‡∏±‡∏ô‡∏¢‡∏±‡∏á‡∏Å‡∏∞‡πÄ‡∏û‡∏∑‡πà‡∏≠‡∏ô),‡πÄ‡∏Å‡∏¥‡∏ô 1 ‡∏õ‡∏µ
4/1/2020 15:12:32,N,‡∏ä‡∏≤‡∏¢,22,172,111,.,‡∏Ç‡∏≤‡∏ß‡πÄ‡∏´‡∏•‡∏∑‡∏≠‡∏á‡πÅ‡∏ö‡∏ö‡πÄ‡∏≠‡πÄ‡∏ä‡∏µ‡∏¢,‡∏£‡∏≠‡∏á‡∏ó‡∏£‡∏á‡∏™‡∏π‡∏á,‡∏î‡∏≥‡∏™‡∏ô‡∏¥‡∏ó,‡πÅ‡∏õ‡∏î‡πÄ‡∏´‡∏•‡∏µ‡πà‡∏¢‡∏° (‡∏°‡∏±‡∏ô‡∏°‡∏µ‡∏ó‡∏µ‡πà‡πÑ‡∏´‡∏ô?),‡πÑ‡∏°‡πà‡πÉ‡∏™‡πà,‡∏°‡∏µ‡∏≠‡∏∞‡πÑ‡∏£‡∏Å‡πá‡∏´‡∏¢‡∏¥‡∏ö‡πÉ‡∏™‡πà‡πÜ‡πÑ‡∏õ ‡∏´‡∏ô‡πâ‡∏≤‡∏ï‡∏≤‡∏î‡∏µ‡πÑ‡∏°‡πà‡πÅ‡∏Ñ‡∏£‡πå,‡∏≠‡∏≤‡∏´‡∏≤‡∏£‡πÑ‡∏ó‡∏¢,‡∏ö‡∏¥‡∏á‡∏ã‡∏π,‡∏ä‡∏≤‡πÑ‡∏Ç‡πà‡∏°‡∏∏‡∏Å (‡∏Ñ‡∏•‡πâ‡∏≤‡∏¢‡∏Ç‡πâ‡∏≠‡∏Ç‡πâ‡∏≤‡∏á‡∏ö‡∏ô ‡πÅ‡∏Ñ‡πà‡πÄ‡∏û‡∏¥‡πà‡∏°‡πÑ‡∏Ç‡πà‡∏°‡∏∏‡∏Å),"‡πÇ‡∏£‡πÅ‡∏°‡∏ô‡∏ï‡∏¥‡∏Ñ‡∏Å‡∏∏‡πä‡∏Å‡∏Å‡∏¥‡πä‡∏Å, ‡∏™‡∏≤‡∏£‡∏Ñ‡∏î‡∏µ","‡∏Å‡∏µ‡∏¨‡∏≤, ‡πÅ‡∏ü‡∏ô‡∏ï‡∏≤‡∏ã‡∏µ","‡∏ö‡∏•‡∏π‡∏™‡πå‡πÅ‡∏ö‡∏ö‡πÄ‡∏Ç‡πâ‡∏≤‡∏ñ‡∏∂‡∏á, ‡πÄ‡∏û‡∏∑‡πà‡∏≠‡∏ä‡∏µ‡∏ß‡∏¥‡∏ï",‡πÄ‡∏ó‡∏µ‡πà‡∏¢‡∏ß‡∏Å‡∏•‡∏≤‡∏á‡∏ß‡∏±‡∏ô‡∏Ç‡∏¢‡∏±‡∏ô‡∏ä‡∏≠‡∏õ,‡∏ô‡πâ‡∏≠‡∏á‡πÅ‡∏°‡∏ß,‡πÑ‡∏°‡πà‡πÄ‡∏™‡∏û,‡∏ö‡πâ‡∏≤‡∏ô,‡∏≠‡∏¢‡∏π‡πà‡∏Ñ‡∏£‡∏≠‡∏ö‡∏Ñ‡∏£‡∏±‡∏ß‡∏≠‡∏ö‡∏≠‡∏∏‡πà‡∏ô (‡πÑ‡∏°‡πà‡∏≠‡∏ö‡∏≠‡πâ‡∏≤‡∏ß),‡πÄ‡∏î‡∏¥‡∏ô....,3,3,4,5,0,1,‡∏Å‡πá‡∏ö‡∏≠‡∏Å‡∏ß‡πà‡∏≤‡∏¢‡∏±‡∏á‡πÑ‡∏°‡πà‡∏°‡∏µ‡πÑ‡∏á‡∏≠‡∏¢‡πà‡∏≤‡∏¢‡πâ‡∏≥‡πÑ‡∏î‡πâ‡∏õ‡πà‡∏∞....,‡∏ô‡πâ‡∏≠‡∏¢‡∏Å‡∏ß‡πà‡∏≤ (‡∏≠‡∏°‡∏ï‡∏∞‡∏Å‡∏¥‡∏ô‡πÄ‡∏î‡πá‡∏Å),‡πÄ‡∏Å‡∏¥‡∏ô 1 ‡∏õ‡∏µ
4/1/2020 19:14:36,‡∏ô‡∏∏‡πâ‡∏á‡∏´‡∏ô‡∏≠‡∏ô,‡∏´‡∏ç‡∏¥‡∏á,28,156,46,32-27-32,‡∏Ç‡∏≤‡∏ß‡πÄ‡∏´‡∏•‡∏∑‡∏≠‡∏á‡πÅ‡∏ö‡∏ö‡πÄ‡∏≠‡πÄ‡∏ä‡∏µ‡∏¢,‡∏ï‡∏¥‡πà‡∏á‡∏´‡∏π‡∏™‡∏π‡πâ‡∏ä‡∏µ‡∏ß‡∏¥‡∏ï,‡∏ô‡πâ‡∏≥‡∏ï‡∏≤‡∏•,‡∏£‡∏π‡∏õ‡πÑ‡∏Ç‡πà,‡πÉ‡∏™‡πà,‡∏ï‡∏≤‡∏°‡πÅ‡∏ü‡∏ä‡∏±‡πà‡∏ô,"‡∏≠‡∏≤‡∏´‡∏≤‡∏£‡∏ç‡∏µ‡πà‡∏õ‡∏∏‡πà‡∏ô, ‡∏≠‡∏≤‡∏´‡∏≤‡∏£‡∏ù‡∏£‡∏±‡πà‡∏á, ‡∏≠‡∏≤‡∏´‡∏≤‡∏£‡∏ï‡∏≤‡∏°‡∏™‡∏±‡πà‡∏á (‡∏õ‡∏£‡∏∞‡πÄ‡∏†‡∏ó‡∏Ç‡πâ‡∏≤‡∏ß), ‡∏ö‡∏∏‡∏ü‡πÄ‡∏ü‡πà‡∏õ‡∏¥‡πâ‡∏á‡∏¢‡πà‡∏≤‡∏á/‡∏ä‡∏≤‡∏ö‡∏π ‡πÑ‡∏î‡πâ‡∏´‡∏°‡∏î‡∏ñ‡πâ‡∏≤‡∏™‡∏î‡∏ä‡∏∑‡πà‡∏ô","‡∏ß‡∏±‡∏ü‡πÄ‡∏ü‡∏¥‡∏•, ‡πÅ‡∏û‡∏ô‡πÄ‡∏Ñ‡πâ‡∏Å",‡∏ä‡∏≠‡∏Ñ‡πÇ‡∏Å‡πÅ‡∏•‡∏ï,"‡πÅ‡∏≠‡∏Ñ‡∏ä‡∏±‡πà‡∏ô‡∏ö‡∏π‡πä‡πÄ‡∏•‡∏∑‡∏≠‡∏î‡∏™‡∏≤‡∏î, ‡∏™‡∏∑‡∏ö‡∏™‡∏ß‡∏ô‡∏™‡∏∏‡∏î‡∏°‡∏±‡∏ô, ‡∏ß‡∏¥‡∏ó‡∏¢‡∏®‡∏≤‡∏™‡∏ï‡∏£‡πå‡∏™‡∏ï‡∏¥‡πÄ‡∏ü‡∏∑‡πà‡∏≠‡∏á, ‡πÅ‡∏ü‡∏ô‡∏ï‡∏≤‡∏ã‡∏µ‡∏´‡∏ô‡∏µ‡∏™‡∏π‡πà‡∏à‡∏¥‡∏ô‡∏ï‡∏ô‡∏≤‡∏Å‡∏≤‡∏£, ‡∏¢‡πâ‡∏≠‡∏ô‡∏¢‡∏∏‡∏Ñ‡∏õ‡∏•‡∏∏‡∏Å‡∏õ‡∏£‡∏∞‡∏ß‡∏±‡∏ï‡∏¥‡∏®‡∏≤‡∏™‡∏ï‡∏£‡πå","Yaoi, ‡∏ú‡∏à‡∏ç‡∏†‡∏±‡∏¢, ‡πÅ‡∏ü‡∏ô‡∏ï‡∏≤‡∏ã‡∏µ, ‡∏ß‡∏±‡∏¢‡∏£‡∏∏‡πà‡∏ô‡∏ö‡πâ‡∏≤‡∏û‡∏•‡∏±‡∏á, Reverse Harem","‡πÅ‡∏à‡πä‡∏™‡πÅ‡∏ö‡∏ö‡∏ú‡∏π‡πâ‡∏î‡∏µ, ‡∏•‡∏π‡∏Å‡∏ó‡∏∏‡πà‡∏á, J-Pop, Pop",‡πÄ‡∏Å‡∏°‡πÄ‡∏°‡∏≠‡∏£‡πå‡∏™‡∏¥‡∏á‡∏≠‡∏¢‡∏π‡πà‡∏ö‡πâ‡∏≤‡∏ô,‡πÑ‡∏°‡πà‡πÑ‡∏î‡πâ‡πÄ‡∏•‡∏µ‡πâ‡∏¢‡∏á‡∏™‡∏±‡∏ï‡∏ß‡πå,‡πÑ‡∏°‡πà‡πÄ‡∏™‡∏û,‡∏ö‡πâ‡∏≤‡∏ô,‡∏≠‡∏¢‡∏π‡πà‡∏Ñ‡∏£‡∏≠‡∏ö‡∏Ñ‡∏£‡∏±‡∏ß‡∏≠‡∏ö‡∏≠‡∏∏‡πà‡∏ô (‡πÑ‡∏°‡πà‡∏≠‡∏ö‡∏≠‡πâ‡∏≤‡∏ß),"‡∏£‡∏ñ‡πÇ‡∏î‡∏¢‡∏™‡∏≤‡∏£ (‡∏£‡∏ñ‡πÄ‡∏°‡∏•‡πå, ‡∏û‡∏µ‡πà‡∏ß‡∏¥‡∏ô, ‡πÅ‡∏ó‡πä‡∏Å‡∏ã‡∏µ‡πà ‡πÑ‡∏î‡πâ‡∏´‡∏°‡∏î)",3,3,1,5,1,‡∏°‡∏≤‡∏Å‡∏Å‡∏ß‡πà‡∏≤ 5 (‡∏£‡πâ‡∏≤‡∏¢‡∏Å‡∏≤‡∏à),‡∏°‡∏µ‡πÅ‡∏•‡πâ‡∏ß‡∏Ñ‡∏ô‡∏•‡∏∞‡πÄ‡∏û‡∏®,‡πÄ‡∏ó‡πà‡∏≤‡∏Å‡∏±‡∏ô (‡∏ï‡∏ö‡∏´‡∏±‡∏ß‡∏Å‡∏±‡∏ô‡∏¢‡∏±‡∏á‡∏Å‡∏∞‡πÄ‡∏û‡∏∑‡πà‡∏≠‡∏ô),‡πÄ‡∏Å‡∏¥‡∏ô 1 ‡∏õ‡∏µ
4/1/2020 19:15:27,bigboy,‡∏ä‡∏≤‡∏¢,23,190,89,,‡∏™‡∏µ‡πÅ‡∏ó‡∏ô (‡∏™‡∏µ‡∏ô‡πâ‡∏≥‡∏ú‡∏∂‡πâ‡∏á),‡∏£‡∏≠‡∏á‡∏ó‡∏£‡∏á‡∏ï‡πà‡∏≥,‡∏î‡∏≥‡∏™‡∏ô‡∏¥‡∏ó,‡∏£‡∏π‡∏õ‡πÑ‡∏Ç‡πà,‡πÑ‡∏°‡πà‡πÉ‡∏™‡πà,‡∏°‡∏µ‡∏≠‡∏∞‡πÑ‡∏£‡∏Å‡πá‡∏´‡∏¢‡∏¥‡∏ö‡πÉ‡∏™‡πà‡πÜ‡πÑ‡∏õ ‡∏´‡∏ô‡πâ‡∏≤‡∏ï‡∏≤‡∏î‡∏µ‡πÑ‡∏°‡πà‡πÅ‡∏Ñ‡∏£‡πå,‡∏≠‡∏≤‡∏´‡∏≤‡∏£‡∏ç‡∏µ‡πà‡∏õ‡∏∏‡πà‡∏ô,‡πÑ‡∏°‡πà‡∏Å‡∏¥‡∏ô‡∏Ç‡∏ô‡∏°‡∏´‡∏ß‡∏≤‡∏ô,‡∏ô‡∏°‡∏™‡∏î,"‡πÅ‡∏≠‡∏Ñ‡∏ä‡∏±‡πà‡∏ô‡∏ö‡∏π‡πä‡πÄ‡∏•‡∏∑‡∏≠‡∏î‡∏™‡∏≤‡∏î, ‡∏™‡∏∑‡∏ö‡∏™‡∏ß‡∏ô‡∏™‡∏∏‡∏î‡∏°‡∏±‡∏ô","Yaoi, ‡∏Å‡∏µ‡∏¨‡∏≤, ‡∏ú‡∏à‡∏ç‡∏†‡∏±‡∏¢, ‡∏ô‡∏¥‡∏ô‡∏à‡∏≤‡∏ã‡∏≤‡∏°‡∏π‡πÑ‡∏£, ‡πÅ‡∏ü‡∏ô‡∏ï‡∏≤‡∏ã‡∏µ, ‡∏ß‡∏±‡∏¢‡∏£‡∏∏‡πà‡∏ô‡∏ö‡πâ‡∏≤‡∏û‡∏•‡∏±‡∏á, ‡∏Æ‡∏≤‡πÄ‡∏•‡πá‡∏°, ‡∏Æ‡∏µ‡πÇ‡∏£‡πà‡∏™‡∏π‡πâ‡∏Å‡∏±‡∏ö‡∏™‡∏±‡∏ï‡∏ß‡πå‡∏õ‡∏£‡∏∞‡∏´‡∏•‡∏≤‡∏î, ‡∏à‡∏≠‡∏°‡∏¢‡∏∏‡∏ó‡∏ò","K-Pop, J-Pop",‡πÑ‡∏°‡πà‡∏ä‡∏≠‡∏ö‡πÄ‡∏ó‡∏µ‡πà‡∏¢‡∏ß ‡∏ä‡∏≠‡∏ö‡∏≠‡∏¢‡∏π‡πà‡∏ö‡πâ‡∏≤‡∏ô‡∏î‡∏π‡∏´‡∏ô‡∏±‡∏á ‡∏ü‡∏±‡∏á‡πÄ‡∏û‡∏•‡∏á ,‡∏ô‡πâ‡∏≠‡∏á‡πÅ‡∏°‡∏ß,‡πÑ‡∏°‡πà‡πÄ‡∏™‡∏û,‡∏ö‡πâ‡∏≤‡∏ô,‡∏≠‡∏∞‡πÅ‡∏Æ‡πà‡∏°...‡∏≠‡∏¢‡∏π‡πà‡∏Å‡∏±‡∏ö‡∏Ñ‡∏ô‡∏£‡∏π‡πâ‡πÉ‡∏à,"‡∏£‡∏ñ‡πÇ‡∏î‡∏¢‡∏™‡∏≤‡∏£ (‡∏£‡∏ñ‡πÄ‡∏°‡∏•‡πå, ‡∏û‡∏µ‡πà‡∏ß‡∏¥‡∏ô, ‡πÅ‡∏ó‡πä‡∏Å‡∏ã‡∏µ‡πà ‡πÑ‡∏î‡πâ‡∏´‡∏°‡∏î)",2,4,4,4,3,1,‡∏Å‡πá‡∏ö‡∏≠‡∏Å‡∏ß‡πà‡∏≤‡∏¢‡∏±‡∏á‡πÑ‡∏°‡πà‡∏°‡∏µ‡πÑ‡∏á‡∏≠‡∏¢‡πà‡∏≤‡∏¢‡πâ‡∏≥‡πÑ‡∏î‡πâ‡∏õ‡πà‡∏∞....,‡∏ô‡πâ‡∏≠‡∏¢‡∏Å‡∏ß‡πà‡∏≤ (‡∏≠‡∏°‡∏ï‡∏∞‡∏Å‡∏¥‡∏ô‡πÄ‡∏î‡πá‡∏Å),‡πÄ‡∏Å‡∏¥‡∏ô 1 ‡∏õ‡∏µ
4/1/2020 19:23:30,-.-,‡∏ä‡∏≤‡∏¢,28,170,67,,‡∏Ç‡∏≤‡∏ß‡πÄ‡∏´‡∏•‡∏∑‡∏≠‡∏á‡πÅ‡∏ö‡∏ö‡πÄ‡∏≠‡πÄ‡∏ä‡∏µ‡∏¢,‡∏≠‡∏±‡∏ô‡πÄ‡∏î‡∏≠‡∏£‡πå‡∏Ñ‡∏±‡∏î (‡πÑ‡∏ñ‡πÄ‡∏õ‡∏¥‡∏î),‡∏î‡∏≥‡∏™‡∏ô‡∏¥‡∏ó,‡∏ó‡∏£‡∏á‡∏Å‡∏•‡∏°,‡πÑ‡∏°‡πà‡πÉ‡∏™‡πà,‡∏°‡∏µ‡∏≠‡∏∞‡πÑ‡∏£‡∏Å‡πá‡∏´‡∏¢‡∏¥‡∏ö‡πÉ‡∏™‡πà‡πÜ‡πÑ‡∏õ ‡∏´‡∏ô‡πâ‡∏≤‡∏ï‡∏≤‡∏î‡∏µ‡πÑ‡∏°‡πà‡πÅ‡∏Ñ‡∏£‡πå,"‡∏≠‡∏≤‡∏´‡∏≤‡∏£‡πÑ‡∏ó‡∏¢, ‡∏≠‡∏≤‡∏´‡∏≤‡∏£‡∏à‡∏µ‡∏ô, ‡∏≠‡∏≤‡∏´‡∏≤‡∏£‡∏ç‡∏µ‡πà‡∏õ‡∏∏‡πà‡∏ô, ‡∏ö‡∏∏‡∏ü‡πÄ‡∏ü‡πà‡∏õ‡∏¥‡πâ‡∏á‡∏¢‡πà‡∏≤‡∏á/‡∏ä‡∏≤‡∏ö‡∏π ‡πÑ‡∏î‡πâ‡∏´‡∏°‡∏î‡∏ñ‡πâ‡∏≤‡∏™‡∏î‡∏ä‡∏∑‡πà‡∏ô","‡∏ö‡∏¥‡∏á‡∏ã‡∏π, ‡∏ß‡∏±‡∏ü‡πÄ‡∏ü‡∏¥‡∏•","‡∏ä‡∏≤ (‡πÑ‡∏î‡πâ‡∏´‡∏°‡∏î ‡∏ä‡∏≤‡πÑ‡∏ó‡∏¢, ‡∏ä‡∏≤‡∏ô‡∏°, ‡∏ä‡∏≤‡πÄ‡∏Ç‡∏µ‡∏¢‡∏ß, ‡∏ä‡∏≤‡πÄ‡∏¢‡πá‡∏ô ‡∏≠‡∏∞‡πÑ‡∏£‡∏ó‡∏µ‡πà‡πÄ‡∏õ‡πá‡∏ô‡∏ä‡∏≤), ‡∏ô‡∏°‡∏™‡∏î, ‡∏Å‡∏≤‡πÅ‡∏ü","‡∏ï‡∏•‡∏Å‡πÄ‡∏£‡∏∑‡πà‡∏≠‡∏¢‡πÄ‡∏õ‡∏∑‡πà‡∏≠‡∏¢, ‡∏ß‡∏¥‡∏ó‡∏¢‡∏®‡∏≤‡∏™‡∏ï‡∏£‡πå‡∏™‡∏ï‡∏¥‡πÄ‡∏ü‡∏∑‡πà‡∏≠‡∏á, ‡πÅ‡∏ü‡∏ô‡∏ï‡∏≤‡∏ã‡∏µ‡∏´‡∏ô‡∏µ‡∏™‡∏π‡πà‡∏à‡∏¥‡∏ô‡∏ï‡∏ô‡∏≤‡∏Å‡∏≤‡∏£","‡∏ô‡∏¥‡∏ô‡∏à‡∏≤‡∏ã‡∏≤‡∏°‡∏π‡πÑ‡∏£, ‡∏à‡∏≠‡∏°‡∏¢‡∏∏‡∏ó‡∏ò","‡∏Æ‡∏¥‡∏û‡∏Æ‡∏≠‡∏û‡∏î‡∏¥‡∏ß‡πä‡∏≤‡πÇ‡∏à‡πâ‡∏ß‡πÜ, EDM ‡∏ï‡∏∑‡πä‡∏î‡πÜ",‡∏™‡∏≤‡∏¢‡∏ó‡∏∞‡πÄ‡∏•,‡∏ô‡πâ‡∏≠‡∏á‡πÅ‡∏°‡∏ß,‡πÑ‡∏°‡πà‡πÄ‡∏™‡∏û,‡∏ö‡πâ‡∏≤‡∏ô,‡∏≠‡∏∞‡πÅ‡∏Æ‡πà‡∏°...‡∏≠‡∏¢‡∏π‡πà‡∏Å‡∏±‡∏ö‡∏Ñ‡∏ô‡∏£‡∏π‡πâ‡πÉ‡∏à,‡∏£‡∏ñ‡∏¢‡∏ô‡∏ï‡πå‡∏™‡πà‡∏ß‡∏ô‡∏ï‡∏±‡∏ß,3,3,4,5,0,4,‡∏°‡∏µ‡πÅ‡∏•‡πâ‡∏ß‡∏Ñ‡∏ô‡∏•‡∏∞‡πÄ‡∏û‡∏®,‡∏ô‡πâ‡∏≠‡∏¢‡∏Å‡∏ß‡πà‡∏≤ (‡∏≠‡∏°‡∏ï‡∏∞‡∏Å‡∏¥‡∏ô‡πÄ‡∏î‡πá‡∏Å),‡πÄ‡∏Å‡∏¥‡∏ô 1 ‡∏õ‡∏µ
4/1/2020 19:40:44,‡∏´‡∏•‡∏±‡∏á‡∏ö‡πâ‡∏≤‡∏ô,‡∏ä‡∏≤‡∏¢,39,173,67,48 33 45,‡∏Ç‡∏≤‡∏ß‡πÄ‡∏´‡∏•‡∏∑‡∏≠‡∏á‡πÅ‡∏ö‡∏ö‡πÄ‡∏≠‡πÄ‡∏ä‡∏µ‡∏¢,‡∏£‡∏≠‡∏á‡∏ó‡∏£‡∏á‡∏ï‡πà‡∏≥,‡∏î‡∏≥‡∏™‡∏ô‡∏¥‡∏ó,‡∏ó‡∏£‡∏á‡∏Å‡∏•‡∏°,‡πÑ‡∏°‡πà‡πÉ‡∏™‡πà,‡∏°‡∏µ‡∏≠‡∏∞‡πÑ‡∏£‡∏Å‡πá‡∏´‡∏¢‡∏¥‡∏ö‡πÉ‡∏™‡πà‡πÜ‡πÑ‡∏õ ‡∏´‡∏ô‡πâ‡∏≤‡∏ï‡∏≤‡∏î‡∏µ‡πÑ‡∏°‡πà‡πÅ‡∏Ñ‡∏£‡πå,"‡∏≠‡∏≤‡∏´‡∏≤‡∏£‡πÑ‡∏ó‡∏¢, ‡∏≠‡∏≤‡∏´‡∏≤‡∏£‡∏ç‡∏µ‡πà‡∏õ‡∏∏‡πà‡∏ô",‡πÄ‡∏Ñ‡πâ‡∏Å,"‡∏Å‡∏≤‡πÅ‡∏ü, ‡∏ä‡∏≠‡∏Ñ‡πÇ‡∏Å‡πÅ‡∏•‡∏ï","‡∏ï‡∏•‡∏Å‡πÄ‡∏£‡∏∑‡πà‡∏≠‡∏¢‡πÄ‡∏õ‡∏∑‡πà‡∏≠‡∏¢, ‡πÅ‡∏≠‡∏Ñ‡∏ä‡∏±‡πà‡∏ô‡∏ö‡∏π‡πä‡πÄ‡∏•‡∏∑‡∏≠‡∏î‡∏™‡∏≤‡∏î, ‡∏ß‡∏¥‡∏ó‡∏¢‡∏®‡∏≤‡∏™‡∏ï‡∏£‡πå‡∏™‡∏ï‡∏¥‡πÄ‡∏ü‡∏∑‡πà‡∏≠‡∏á, ‡πÅ‡∏ü‡∏ô‡∏ï‡∏≤‡∏ã‡∏µ‡∏´‡∏ô‡∏µ‡∏™‡∏π‡πà‡∏à‡∏¥‡∏ô‡∏ï‡∏ô‡∏≤‡∏Å‡∏≤‡∏£","‡∏ú‡∏à‡∏ç‡∏†‡∏±‡∏¢, ‡∏à‡∏≠‡∏°‡∏¢‡∏∏‡∏ó‡∏ò","‡∏î‡∏¥‡∏™‡πÇ‡∏Å‡πâ (‡πÅ‡∏Å‡πà‡πÄ‡∏Å‡∏¥‡∏ô‡∏ß‡∏±‡∏¢‡∏°‡∏≤‡∏Å), ‡∏£‡πá‡∏≠‡∏Ñ‡∏™‡∏∏‡∏î‡πÉ‡∏à, EDM ‡∏ï‡∏∑‡πä‡∏î‡πÜ",‡∏™‡∏≤‡∏¢‡πÄ‡∏Ç‡πâ‡∏≤‡∏õ‡πà‡∏≤,‡∏ô‡πâ‡∏≠‡∏á‡∏´‡∏°‡∏≤,‡πÑ‡∏°‡πà‡πÄ‡∏™‡∏û,‡∏ö‡πâ‡∏≤‡∏ô,‡∏≠‡∏∞‡πÅ‡∏Æ‡πà‡∏°...‡∏≠‡∏¢‡∏π‡πà‡∏Å‡∏±‡∏ö‡∏Ñ‡∏ô‡∏£‡∏π‡πâ‡πÉ‡∏à,‡∏£‡∏ñ‡∏¢‡∏ô‡∏ï‡πå‡∏™‡πà‡∏ß‡∏ô‡∏ï‡∏±‡∏ß,4,3,6,6,3,‡∏°‡∏≤‡∏Å‡∏Å‡∏ß‡πà‡∏≤ 5 (‡∏£‡πâ‡∏≤‡∏¢‡∏Å‡∏≤‡∏à),‡∏°‡∏µ‡πÅ‡∏•‡πâ‡∏ß‡∏Ñ‡∏ô‡∏•‡∏∞‡πÄ‡∏û‡∏®,‡∏ô‡πâ‡∏≠‡∏¢‡∏Å‡∏ß‡πà‡∏≤ (‡∏≠‡∏°‡∏ï‡∏∞‡∏Å‡∏¥‡∏ô‡πÄ‡∏î‡πá‡∏Å),‡πÄ‡∏Å‡∏¥‡∏ô 1 ‡∏õ‡∏µ
4/1/2020 19:41:09,‡πÇ‡∏°‡∏ô‡∏≤‡∏£‡∏¥‡∏ã‡πà‡∏≤,‡∏´‡∏ç‡∏¥‡∏á,33,162,50,34-28-36,‡∏™‡∏µ‡πÅ‡∏ó‡∏ô (‡∏™‡∏µ‡∏ô‡πâ‡∏≥‡∏ú‡∏∂‡πâ‡∏á),‡∏´‡∏ô‡πâ‡∏≤‡∏°‡πâ‡∏≤‡∏Å‡∏∞‡∏•‡∏≤‡∏Ñ‡∏£‡∏≠‡∏ö,‡∏î‡∏≥‡∏™‡∏ô‡∏¥‡∏ó,‡∏ó‡∏£‡∏á‡∏Å‡∏•‡∏°,‡πÑ‡∏°‡πà‡πÉ‡∏™‡πà,‡∏ï‡∏≤‡∏°‡πÅ‡∏ü‡∏ä‡∏±‡πà‡∏ô,"‡∏≠‡∏≤‡∏´‡∏≤‡∏£‡πÑ‡∏ó‡∏¢, ‡∏≠‡∏≤‡∏´‡∏≤‡∏£‡∏ç‡∏µ‡πà‡∏õ‡∏∏‡πà‡∏ô, ‡∏≠‡∏≤‡∏´‡∏≤‡∏£‡∏ù‡∏£‡∏±‡πà‡∏á, ‡∏≠‡∏≤‡∏´‡∏≤‡∏£‡∏ï‡∏≤‡∏°‡∏™‡∏±‡πà‡∏á (‡∏õ‡∏£‡∏∞‡πÄ‡∏†‡∏ó‡∏Ç‡πâ‡∏≤‡∏ß), ‡∏≠‡∏≤‡∏´‡∏≤‡∏£‡∏ï‡∏≤‡∏°‡∏™‡∏±‡πà‡∏á (‡∏õ‡∏£‡∏∞‡πÄ‡∏†‡∏ó‡πÄ‡∏™‡πâ‡∏ô), ‡∏≠‡∏≤‡∏´‡∏≤‡∏£‡∏ü‡∏£‡∏µ (‡∏Å‡∏≤‡∏ù‡∏≤‡∏Å‡∏°‡∏≤‡∏Å‡∏ö‡∏≠‡∏Å‡πÄ‡∏•‡∏¢)","‡πÄ‡∏Ñ‡πâ‡∏Å, ‡πÑ‡∏≠‡∏®‡∏£‡∏µ‡∏°, ‡∏ß‡∏±‡∏ü‡πÄ‡∏ü‡∏¥‡∏•, ‡πÅ‡∏û‡∏ô‡πÄ‡∏Ñ‡πâ‡∏Å, ‡πÇ‡∏ï‡πÄ‡∏Å‡∏µ‡∏¢‡∏ß, ‡∏Ç‡∏ô‡∏°‡πÑ‡∏ó‡∏¢ (‡∏ó‡∏≠‡∏á‡∏´‡∏¢‡∏¥‡∏ö, ‡∏ó‡∏≠‡∏á‡∏´‡∏¢‡∏≠‡∏î, ‡∏ù‡∏≠‡∏¢‡∏ó‡∏≠‡∏á)","‡∏ä‡∏≤ (‡πÑ‡∏î‡πâ‡∏´‡∏°‡∏î ‡∏ä‡∏≤‡πÑ‡∏ó‡∏¢, ‡∏ä‡∏≤‡∏ô‡∏°, ‡∏ä‡∏≤‡πÄ‡∏Ç‡∏µ‡∏¢‡∏ß, ‡∏ä‡∏≤‡πÄ‡∏¢‡πá‡∏ô ‡∏≠‡∏∞‡πÑ‡∏£‡∏ó‡∏µ‡πà‡πÄ‡∏õ‡πá‡∏ô‡∏ä‡∏≤), ‡∏ä‡∏≤‡πÑ‡∏Ç‡πà‡∏°‡∏∏‡∏Å (‡∏Ñ‡∏•‡πâ‡∏≤‡∏¢‡∏Ç‡πâ‡∏≠‡∏Ç‡πâ‡∏≤‡∏á‡∏ö‡∏ô ‡πÅ‡∏Ñ‡πà‡πÄ‡∏û‡∏¥‡πà‡∏°‡πÑ‡∏Ç‡πà‡∏°‡∏∏‡∏Å), ‡∏Å‡∏≤‡πÅ‡∏ü, ‡∏ä‡∏≠‡∏Ñ‡πÇ‡∏Å‡πÅ‡∏•‡∏ï","‡πÇ‡∏£‡πÅ‡∏°‡∏ô‡∏ï‡∏¥‡∏Ñ‡∏Å‡∏∏‡πä‡∏Å‡∏Å‡∏¥‡πä‡∏Å, ‡∏™‡∏∑‡∏ö‡∏™‡∏ß‡∏ô‡∏™‡∏∏‡∏î‡∏°‡∏±‡∏ô, ‡∏ß‡∏¥‡∏ó‡∏¢‡∏®‡∏≤‡∏™‡∏ï‡∏£‡πå‡∏™‡∏ï‡∏¥‡πÄ‡∏ü‡∏∑‡πà‡∏≠‡∏á, ‡πÅ‡∏ü‡∏ô‡∏ï‡∏≤‡∏ã‡∏µ‡∏´‡∏ô‡∏µ‡∏™‡∏π‡πà‡∏à‡∏¥‡∏ô‡∏ï‡∏ô‡∏≤‡∏Å‡∏≤‡∏£, ‡∏¢‡πâ‡∏≠‡∏ô‡∏¢‡∏∏‡∏Ñ‡∏õ‡∏•‡∏∏‡∏Å‡∏õ‡∏£‡∏∞‡∏ß‡∏±‡∏ï‡∏¥‡∏®‡∏≤‡∏™‡∏ï‡∏£‡πå","‡πÅ‡∏ü‡∏ô‡∏ï‡∏≤‡∏ã‡∏µ, ‡∏ß‡∏±‡∏¢‡∏£‡∏∏‡πà‡∏ô‡∏ö‡πâ‡∏≤‡∏û‡∏•‡∏±‡∏á, ‡∏à‡∏≠‡∏°‡∏¢‡∏∏‡∏ó‡∏ò","‡∏ö‡∏•‡∏π‡∏™‡πå‡πÅ‡∏ö‡∏ö‡πÄ‡∏Ç‡πâ‡∏≤‡∏ñ‡∏∂‡∏á, Soul/Funk ‡∏Å‡πá‡∏¢‡∏±‡∏á‡πÑ‡∏´‡∏ß, Retro (‡πÑ‡∏°‡πà‡πÉ‡∏ä‡πà Retrospect ‡∏ô‡∏∞), K-Pop, J-Pop, Boyband, Girl Group",‡∏™‡∏≤‡∏¢‡∏ó‡∏∞‡πÄ‡∏•,‡∏ô‡πâ‡∏≠‡∏á‡∏´‡∏°‡∏≤,‡πÑ‡∏°‡πà‡πÄ‡∏™‡∏û,‡∏ö‡πâ‡∏≤‡∏ô,‡∏≠‡∏∞‡πÅ‡∏Æ‡πà‡∏°...‡∏≠‡∏¢‡∏π‡πà‡∏Å‡∏±‡∏ö‡∏Ñ‡∏ô‡∏£‡∏π‡πâ‡πÉ‡∏à,‡∏£‡∏ñ‡∏¢‡∏ô‡∏ï‡πå‡∏™‡πà‡∏ß‡∏ô‡∏ï‡∏±‡∏ß,5,5,7,5,10,‡∏°‡∏≤‡∏Å‡∏Å‡∏ß‡πà‡∏≤ 5 (‡∏£‡πâ‡∏≤‡∏¢‡∏Å‡∏≤‡∏à),‡∏°‡∏µ‡πÅ‡∏•‡πâ‡∏ß‡∏Ñ‡∏ô‡∏•‡∏∞‡πÄ‡∏û‡∏®,‡∏°‡∏≤‡∏Å‡∏Å‡∏ß‡πà‡∏≤ (‡∏≠‡∏¢‡∏π‡πà‡∏î‡πâ‡∏ß‡∏¢‡∏•‡∏∞‡∏≠‡∏∏‡πà‡∏ô‡πÉ‡∏à),‡πÄ‡∏Å‡∏¥‡∏ô 1 ‡∏õ‡∏µ
4/1/2020 20:06:33,Ghost,‡∏ä‡∏≤‡∏¢,23,170,105,38-44-54,‡∏Ñ‡∏•‡πâ‡∏≥‡∏ô‡∏¥‡∏î‡πÜ,‡∏≠‡∏±‡∏ô‡πÄ‡∏î‡∏≠‡∏£‡πå‡∏Ñ‡∏±‡∏î (‡πÑ‡∏ñ‡πÄ‡∏õ‡∏¥‡∏î),‡∏î‡∏≥‡∏™‡∏ô‡∏¥‡∏ó,‡∏™‡∏µ‡πà‡πÄ‡∏´‡∏•‡∏µ‡πà‡∏¢‡∏°,‡πÉ‡∏™‡πà,‡∏°‡∏µ‡∏≠‡∏∞‡πÑ‡∏£‡∏Å‡πá‡∏´‡∏¢‡∏¥‡∏ö‡πÉ‡∏™‡πà‡πÜ‡πÑ‡∏õ ‡∏´‡∏ô‡πâ‡∏≤‡∏ï‡∏≤‡∏î‡∏µ‡πÑ‡∏°‡πà‡πÅ‡∏Ñ‡∏£‡πå,"‡∏≠‡∏≤‡∏´‡∏≤‡∏£‡∏ç‡∏µ‡πà‡∏õ‡∏∏‡πà‡∏ô, ‡∏≠‡∏≤‡∏´‡∏≤‡∏£‡∏ù‡∏£‡∏±‡πà‡∏á, ‡∏ö‡∏∏‡∏ü‡πÄ‡∏ü‡πà‡∏õ‡∏¥‡πâ‡∏á‡∏¢‡πà‡∏≤‡∏á/‡∏ä‡∏≤‡∏ö‡∏π ‡πÑ‡∏î‡πâ‡∏´‡∏°‡∏î‡∏ñ‡πâ‡∏≤‡∏™‡∏î‡∏ä‡∏∑‡πà‡∏ô","‡πÄ‡∏Ñ‡πâ‡∏Å, ‡πÑ‡∏≠‡∏®‡∏£‡∏µ‡∏°","‡∏ä‡∏≤ (‡πÑ‡∏î‡πâ‡∏´‡∏°‡∏î ‡∏ä‡∏≤‡πÑ‡∏ó‡∏¢, ‡∏ä‡∏≤‡∏ô‡∏°, ‡∏ä‡∏≤‡πÄ‡∏Ç‡∏µ‡∏¢‡∏ß, ‡∏ä‡∏≤‡πÄ‡∏¢‡πá‡∏ô ‡∏≠‡∏∞‡πÑ‡∏£‡∏ó‡∏µ‡πà‡πÄ‡∏õ‡πá‡∏ô‡∏ä‡∏≤), ‡∏ä‡∏≤‡πÑ‡∏Ç‡πà‡∏°‡∏∏‡∏Å (‡∏Ñ‡∏•‡πâ‡∏≤‡∏¢‡∏Ç‡πâ‡∏≠‡∏Ç‡πâ‡∏≤‡∏á‡∏ö‡∏ô ‡πÅ‡∏Ñ‡πà‡πÄ‡∏û‡∏¥‡πà‡∏°‡πÑ‡∏Ç‡πà‡∏°‡∏∏‡∏Å), ‡∏ô‡∏°‡∏™‡∏î, ‡∏Å‡∏≤‡πÅ‡∏ü","‡∏™‡∏∑‡∏ö‡∏™‡∏ß‡∏ô‡∏™‡∏∏‡∏î‡∏°‡∏±‡∏ô, ‡∏ß‡∏¥‡∏ó‡∏¢‡∏®‡∏≤‡∏™‡∏ï‡∏£‡πå‡∏™‡∏ï‡∏¥‡πÄ‡∏ü‡∏∑‡πà‡∏≠‡∏á, ‡πÅ‡∏ü‡∏ô‡∏ï‡∏≤‡∏ã‡∏µ‡∏´‡∏ô‡∏µ‡∏™‡∏π‡πà‡∏à‡∏¥‡∏ô‡∏ï‡∏ô‡∏≤‡∏Å‡∏≤‡∏£, ‡∏¢‡πâ‡∏≠‡∏ô‡∏¢‡∏∏‡∏Ñ‡∏õ‡∏•‡∏∏‡∏Å‡∏õ‡∏£‡∏∞‡∏ß‡∏±‡∏ï‡∏¥‡∏®‡∏≤‡∏™‡∏ï‡∏£‡πå","‡∏ú‡∏à‡∏ç‡∏†‡∏±‡∏¢, ‡∏ô‡∏¥‡∏ô‡∏à‡∏≤‡∏ã‡∏≤‡∏°‡∏π‡πÑ‡∏£, ‡πÅ‡∏ü‡∏ô‡∏ï‡∏≤‡∏ã‡∏µ","‡πÅ‡∏à‡πä‡∏™‡πÅ‡∏ö‡∏ö‡∏ú‡∏π‡πâ‡∏î‡∏µ, ‡∏£‡πá‡∏≠‡∏Ñ‡∏™‡∏∏‡∏î‡πÉ‡∏à, EDM ‡∏ï‡∏∑‡πä‡∏î‡πÜ",‡∏™‡∏≤‡∏¢‡πÅ‡∏î‡∏Å‡πÅ‡∏´‡∏Å‡∏ó‡∏∏‡∏Å‡∏£‡πâ‡∏≤‡∏ô,‡∏ô‡πâ‡∏≠‡∏á‡∏´‡∏°‡∏≤,‡πÑ‡∏°‡πà‡πÄ‡∏™‡∏û,‡∏ö‡πâ‡∏≤‡∏ô,‡∏≠‡∏¢‡∏π‡πà‡∏Ñ‡∏£‡∏≠‡∏ö‡∏Ñ‡∏£‡∏±‡∏ß‡∏≠‡∏ö‡∏≠‡∏∏‡πà‡∏ô (‡πÑ‡∏°‡πà‡∏≠‡∏ö‡∏≠‡πâ‡∏≤‡∏ß),‡∏£‡∏ñ‡∏¢‡∏ô‡∏ï‡πå‡∏™‡πà‡∏ß‡∏ô‡∏ï‡∏±‡∏ß,1,5,2,1,0,0 (‡πÑ‡∏°‡πà‡πÄ‡∏Ñ‡∏¢‡∏°‡∏µ‡∏≠‡∏∞ ‡∏Æ‡∏∑‡∏≠‡∏≠‡∏≠‡∏≠‡∏≠‡∏≠),‡∏Å‡πá‡∏ö‡∏≠‡∏Å‡∏ß‡πà‡∏≤‡∏¢‡∏±‡∏á‡πÑ‡∏°‡πà‡∏°‡∏µ‡πÑ‡∏á‡∏≠‡∏¢‡πà‡∏≤‡∏¢‡πâ‡∏≥‡πÑ‡∏î‡πâ‡∏õ‡πà‡∏∞....,‡πÄ‡∏ó‡πà‡∏≤‡∏Å‡∏±‡∏ô (‡∏ï‡∏ö‡∏´‡∏±‡∏ß‡∏Å‡∏±‡∏ô‡∏¢‡∏±‡∏á‡∏Å‡∏∞‡πÄ‡∏û‡∏∑‡πà‡∏≠‡∏ô),‡πÇ‡∏™‡∏î...‡∏á‡∏∞ ‡∏≠‡∏î‡∏≠‡∏¢‡∏≤‡∏Å‡∏õ‡∏≤‡∏Å‡πÅ‡∏´‡πâ‡∏á...‡∏°‡∏±‡πà‡∏Å‡πÄ‡∏£‡∏¢
4/1/2020 20:11:12,‡πÄ‡∏à‡πâ‡∏≤‡∏≠‡πâ‡∏ß‡∏ô,‡∏ä‡∏≤‡∏¢,25,170,89,‡πÑ‡∏°‡πà‡∏£‡∏π‡πâ,‡∏î‡∏≥‡∏¢‡∏±‡∏á‡∏Å‡∏∞‡∏ñ‡πà‡∏≤‡∏ô,‡∏≠‡∏±‡∏ô‡πÄ‡∏î‡∏≠‡∏£‡πå‡∏Ñ‡∏±‡∏î (‡πÑ‡∏ñ‡πÄ‡∏õ‡∏¥‡∏î),‡∏î‡∏≥‡∏™‡∏ô‡∏¥‡∏ó,‡∏ó‡∏£‡∏á‡∏Å‡∏•‡∏°,‡πÑ‡∏°‡πà‡πÉ‡∏™‡πà,‡∏°‡∏¥‡∏ô‡∏¥‡∏°‡∏≠‡∏•,"‡∏≠‡∏≤‡∏´‡∏≤‡∏£‡∏ç‡∏µ‡πà‡∏õ‡∏∏‡πà‡∏ô, ‡∏≠‡∏≤‡∏´‡∏≤‡∏£‡∏ü‡∏£‡∏µ (‡∏Å‡∏≤‡∏ù‡∏≤‡∏Å‡∏°‡∏≤‡∏Å‡∏ö‡∏≠‡∏Å‡πÄ‡∏•‡∏¢), ‡∏ö‡∏∏‡∏ü‡πÄ‡∏ü‡πà‡∏õ‡∏¥‡πâ‡∏á‡∏¢‡πà‡∏≤‡∏á/‡∏ä‡∏≤‡∏ö‡∏π ‡πÑ‡∏î‡πâ‡∏´‡∏°‡∏î‡∏ñ‡πâ‡∏≤‡∏™‡∏î‡∏ä‡∏∑‡πà‡∏ô","‡πÄ‡∏Ñ‡πâ‡∏Å, ‡∏ß‡∏±‡∏ü‡πÄ‡∏ü‡∏¥‡∏•, ‡πÅ‡∏û‡∏ô‡πÄ‡∏Ñ‡πâ‡∏Å, ‡πÇ‡∏ï‡πÄ‡∏Å‡∏µ‡∏¢‡∏ß, ‡∏Ç‡∏ô‡∏°‡πÑ‡∏ó‡∏¢ (‡∏ó‡∏≠‡∏á‡∏´‡∏¢‡∏¥‡∏ö, ‡∏ó‡∏≠‡∏á‡∏´‡∏¢‡∏≠‡∏î, ‡∏ù‡∏≠‡∏¢‡∏ó‡∏≠‡∏á)","‡∏ä‡∏≤ (‡πÑ‡∏î‡πâ‡∏´‡∏°‡∏î ‡∏ä‡∏≤‡πÑ‡∏ó‡∏¢, ‡∏ä‡∏≤‡∏ô‡∏°, ‡∏ä‡∏≤‡πÄ‡∏Ç‡∏µ‡∏¢‡∏ß, ‡∏ä‡∏≤‡πÄ‡∏¢‡πá‡∏ô ‡∏≠‡∏∞‡πÑ‡∏£‡∏ó‡∏µ‡πà‡πÄ‡∏õ‡πá‡∏ô‡∏ä‡∏≤), ‡∏ä‡∏≤‡πÑ‡∏Ç‡πà‡∏°‡∏∏‡∏Å (‡∏Ñ‡∏•‡πâ‡∏≤‡∏¢‡∏Ç‡πâ‡∏≠‡∏Ç‡πâ‡∏≤‡∏á‡∏ö‡∏ô ‡πÅ‡∏Ñ‡πà‡πÄ‡∏û‡∏¥‡πà‡∏°‡πÑ‡∏Ç‡πà‡∏°‡∏∏‡∏Å), ‡∏ô‡πâ‡∏≥‡∏≠‡∏±‡∏î‡∏•‡∏°, ‡∏ô‡πâ‡∏≥‡∏ä‡∏á (‡πÅ‡∏î‡∏á‡πÇ‡∏ã‡∏î‡∏≤, ‡∏°‡∏∞‡∏ô‡∏≤‡∏ß‡πÇ‡∏ã‡∏î‡∏≤, ‡∏ö‡πä‡∏ß‡∏¢‡πÇ‡∏ã‡∏î‡∏≤ ‡∏ï‡∏≤‡∏°‡∏£‡πâ‡∏≤‡∏ô‡∏≠‡∏≤‡πÅ‡∏õ‡∏∞)","‡πÇ‡∏£‡πÅ‡∏°‡∏ô‡∏ï‡∏¥‡∏Ñ‡∏Å‡∏∏‡πä‡∏Å‡∏Å‡∏¥‡πä‡∏Å, ‡πÅ‡∏≠‡∏Ñ‡∏ä‡∏±‡πà‡∏ô‡∏ö‡∏π‡πä‡πÄ‡∏•‡∏∑‡∏≠‡∏î‡∏™‡∏≤‡∏î, ‡∏™‡∏∑‡∏ö‡∏™‡∏ß‡∏ô‡∏™‡∏∏‡∏î‡∏°‡∏±‡∏ô, ‡∏ß‡∏¥‡∏ó‡∏¢‡∏®‡∏≤‡∏™‡∏ï‡∏£‡πå‡∏™‡∏ï‡∏¥‡πÄ‡∏ü‡∏∑‡πà‡∏≠‡∏á, ‡πÅ‡∏ü‡∏ô‡∏ï‡∏≤‡∏ã‡∏µ‡∏´‡∏ô‡∏µ‡∏™‡∏π‡πà‡∏à‡∏¥‡∏ô‡∏ï‡∏ô‡∏≤‡∏Å‡∏≤‡∏£","Yaoi, ‡∏ú‡∏à‡∏ç‡∏†‡∏±‡∏¢, ‡πÅ‡∏ü‡∏ô‡∏ï‡∏≤‡∏ã‡∏µ, ‡∏Æ‡∏µ‡πÇ‡∏£‡πà‡∏™‡∏π‡πâ‡∏Å‡∏±‡∏ö‡∏™‡∏±‡∏ï‡∏ß‡πå‡∏õ‡∏£‡∏∞‡∏´‡∏•‡∏≤‡∏î","‡∏£‡πá‡∏≠‡∏Ñ‡∏™‡∏∏‡∏î‡πÉ‡∏à, EDM ‡∏ï‡∏∑‡πä‡∏î‡πÜ, Boyband",‡∏™‡∏≤‡∏¢‡∏†‡∏π‡πÄ‡∏Ç‡∏≤,‡∏ô‡πâ‡∏≠‡∏á‡πÅ‡∏°‡∏ß,‡πÑ‡∏°‡πà‡πÄ‡∏™‡∏û,‡∏´‡∏≠‡∏û‡∏±‡∏Å,‡∏≠‡∏¢‡∏π‡πà‡∏Ñ‡∏ô‡πÄ‡∏î‡∏µ‡∏¢‡∏ß‡πÄ‡∏´‡∏á‡∏≤‡πÜ,‡∏°‡∏≠‡πÄ‡∏ï‡∏≠‡∏£‡πå‡πÑ‡∏ã‡∏Ñ‡πå‡∏™‡πà‡∏ß‡∏ô‡∏ï‡∏±‡∏ß,3,4,2,3,0,3,‡∏Å‡πá‡∏ö‡∏≠‡∏Å‡∏ß‡πà‡∏≤‡∏¢‡∏±‡∏á‡πÑ‡∏°‡πà‡∏°‡∏µ‡πÑ‡∏á‡∏≠‡∏¢‡πà‡∏≤‡∏¢‡πâ‡∏≥‡πÑ‡∏î‡πâ‡∏õ‡πà‡∏∞....,‡πÄ‡∏ó‡πà‡∏≤‡∏Å‡∏±‡∏ô (‡∏ï‡∏ö‡∏´‡∏±‡∏ß‡∏Å‡∏±‡∏ô‡∏¢‡∏±‡∏á‡∏Å‡∏∞‡πÄ‡∏û‡∏∑‡πà‡∏≠‡∏ô),‡πÇ‡∏™‡∏î...‡∏á‡∏∞ ‡∏≠‡∏î‡∏≠‡∏¢‡∏≤‡∏Å‡∏õ‡∏≤‡∏Å‡πÅ‡∏´‡πâ‡∏á...‡∏°‡∏±‡πà‡∏Å‡πÄ‡∏£‡∏¢
4/1/2020 20:26:25,Chicken,‡∏´‡∏ç‡∏¥‡∏á,27,156,40,,‡∏Ç‡∏≤‡∏ß‡πÄ‡∏´‡∏•‡∏∑‡∏≠‡∏á‡πÅ‡∏ö‡∏ö‡πÄ‡∏≠‡πÄ‡∏ä‡∏µ‡∏¢,‡∏ú‡∏°‡∏¢‡∏≤‡∏ß‡∏ñ‡∏∂‡∏á‡∏Å‡∏•‡∏≤‡∏á‡∏´‡∏•‡∏±‡∏á,‡∏ó‡∏≠‡∏á,‡∏ó‡∏£‡∏á‡∏Å‡∏•‡∏°,‡πÑ‡∏°‡πà‡πÉ‡∏™‡πà,‡∏ï‡∏≤‡∏°‡πÅ‡∏ü‡∏ä‡∏±‡πà‡∏ô,"‡∏≠‡∏≤‡∏´‡∏≤‡∏£‡∏à‡∏µ‡∏ô, ‡∏≠‡∏≤‡∏´‡∏≤‡∏£‡∏ç‡∏µ‡πà‡∏õ‡∏∏‡πà‡∏ô, ‡∏≠‡∏≤‡∏´‡∏≤‡∏£‡∏ù‡∏£‡∏±‡πà‡∏á","‡πÄ‡∏Ñ‡πâ‡∏Å, ‡πÑ‡∏≠‡∏®‡∏£‡∏µ‡∏°, ‡∏ö‡∏¥‡∏á‡∏ã‡∏π, ‡∏ß‡∏±‡∏ü‡πÄ‡∏ü‡∏¥‡∏•, ‡πÅ‡∏û‡∏ô‡πÄ‡∏Ñ‡πâ‡∏Å, ‡∏ô‡πâ‡∏≥‡πÅ‡∏Ç‡πá‡∏á‡πÑ‡∏™, ‡πÇ‡∏ï‡πÄ‡∏Å‡∏µ‡∏¢‡∏ß, ‡∏Ç‡∏ô‡∏°‡πÑ‡∏ó‡∏¢ (‡∏ó‡∏≠‡∏á‡∏´‡∏¢‡∏¥‡∏ö, ‡∏ó‡∏≠‡∏á‡∏´‡∏¢‡∏≠‡∏î, ‡∏ù‡∏≠‡∏¢‡∏ó‡∏≠‡∏á)","‡∏ä‡∏≤ (‡πÑ‡∏î‡πâ‡∏´‡∏°‡∏î ‡∏ä‡∏≤‡πÑ‡∏ó‡∏¢, ‡∏ä‡∏≤‡∏ô‡∏°, ‡∏ä‡∏≤‡πÄ‡∏Ç‡∏µ‡∏¢‡∏ß, ‡∏ä‡∏≤‡πÄ‡∏¢‡πá‡∏ô ‡∏≠‡∏∞‡πÑ‡∏£‡∏ó‡∏µ‡πà‡πÄ‡∏õ‡πá‡∏ô‡∏ä‡∏≤), ‡∏ä‡∏≤‡πÑ‡∏Ç‡πà‡∏°‡∏∏‡∏Å (‡∏Ñ‡∏•‡πâ‡∏≤‡∏¢‡∏Ç‡πâ‡∏≠‡∏Ç‡πâ‡∏≤‡∏á‡∏ö‡∏ô ‡πÅ‡∏Ñ‡πà‡πÄ‡∏û‡∏¥‡πà‡∏°‡πÑ‡∏Ç‡πà‡∏°‡∏∏‡∏Å), ‡∏ô‡∏°‡∏™‡∏î, ‡∏ô‡πâ‡∏≥‡∏ú‡∏•‡πÑ‡∏°‡πâ, ‡∏ä‡∏≠‡∏Ñ‡πÇ‡∏Å‡πÅ‡∏•‡∏ï","‡∏™‡∏∑‡∏ö‡∏™‡∏ß‡∏ô‡∏™‡∏∏‡∏î‡∏°‡∏±‡∏ô, ‡∏ß‡∏¥‡∏ó‡∏¢‡∏®‡∏≤‡∏™‡∏ï‡∏£‡πå‡∏™‡∏ï‡∏¥‡πÄ‡∏ü‡∏∑‡πà‡∏≠‡∏á, ‡πÅ‡∏ü‡∏ô‡∏ï‡∏≤‡∏ã‡∏µ‡∏´‡∏ô‡∏µ‡∏™‡∏π‡πà‡∏à‡∏¥‡∏ô‡∏ï‡∏ô‡∏≤‡∏Å‡∏≤‡∏£",,"‡πÅ‡∏à‡πä‡∏™‡πÅ‡∏ö‡∏ö‡∏ú‡∏π‡πâ‡∏î‡∏µ, ‡∏ö‡∏•‡∏π‡∏™‡πå‡πÅ‡∏ö‡∏ö‡πÄ‡∏Ç‡πâ‡∏≤‡∏ñ‡∏∂‡∏á, Soul/Funk ‡∏Å‡πá‡∏¢‡∏±‡∏á‡πÑ‡∏´‡∏ß, ‡∏î‡∏¥‡∏™‡πÇ‡∏Å‡πâ (‡πÅ‡∏Å‡πà‡πÄ‡∏Å‡∏¥‡∏ô‡∏ß‡∏±‡∏¢‡∏°‡∏≤‡∏Å), ‡∏Æ‡∏¥‡∏û‡∏Æ‡∏≠‡∏û‡∏î‡∏¥‡∏ß‡πä‡∏≤‡πÇ‡∏à‡πâ‡∏ß‡πÜ",‡∏™‡∏≤‡∏¢‡πÅ‡∏î‡∏Å‡πÅ‡∏´‡∏Å‡∏ó‡∏∏‡∏Å‡∏£‡πâ‡∏≤‡∏ô,‡∏ô‡πâ‡∏≠‡∏á‡∏´‡∏°‡∏≤,‡πÑ‡∏°‡πà‡πÄ‡∏™‡∏û,‡∏ö‡πâ‡∏≤‡∏ô,‡∏≠‡∏¢‡∏π‡πà‡∏Ñ‡∏£‡∏≠‡∏ö‡∏Ñ‡∏£‡∏±‡∏ß‡∏≠‡∏ö‡∏≠‡∏∏‡πà‡∏ô (‡πÑ‡∏°‡πà‡∏≠‡∏ö‡∏≠‡πâ‡∏≤‡∏ß),‡∏£‡∏ñ‡∏¢‡∏ô‡∏ï‡πå‡∏™‡πà‡∏ß‡∏ô‡∏ï‡∏±‡∏ß,5,5,5,7,3,3,‡∏Å‡πá‡∏ö‡∏≠‡∏Å‡∏ß‡πà‡∏≤‡∏¢‡∏±‡∏á‡πÑ‡∏°‡πà‡∏°‡∏µ‡πÑ‡∏á‡∏≠‡∏¢‡πà‡∏≤‡∏¢‡πâ‡∏≥‡πÑ‡∏î‡πâ‡∏õ‡πà‡∏∞....,‡∏ô‡πâ‡∏≠‡∏¢‡∏Å‡∏ß‡πà‡∏≤ (‡∏≠‡∏°‡∏ï‡∏∞‡∏Å‡∏¥‡∏ô‡πÄ‡∏î‡πá‡∏Å),‡πÇ‡∏™‡∏î...‡∏á‡∏∞ ‡∏≠‡∏î‡∏≠‡∏¢‡∏≤‡∏Å‡∏õ‡∏≤‡∏Å‡πÅ‡∏´‡πâ‡∏á...‡∏°‡∏±‡πà‡∏Å‡πÄ‡∏£‡∏¢
4/1/2020 20:45:48,Wara,‡∏´‡∏ç‡∏¥‡∏á,22,156,44,34 24 36,‡∏™‡∏µ‡πÅ‡∏ó‡∏ô (‡∏™‡∏µ‡∏ô‡πâ‡∏≥‡∏ú‡∏∂‡πâ‡∏á),‡∏ú‡∏°‡∏¢‡∏≤‡∏ß‡∏õ‡∏£‡∏∞‡∏ö‡πà‡∏≤,‡∏ô‡πâ‡∏≥‡∏ï‡∏≤‡∏•,‡∏ó‡∏£‡∏á‡∏Å‡∏•‡∏°,‡πÉ‡∏™‡πà,‡∏ï‡∏≤‡∏°‡πÅ‡∏ü‡∏ä‡∏±‡πà‡∏ô,‡∏≠‡∏≤‡∏´‡∏≤‡∏£‡πÑ‡∏ó‡∏¢,"‡∏Ç‡∏ô‡∏°‡πÑ‡∏ó‡∏¢ (‡∏ó‡∏≠‡∏á‡∏´‡∏¢‡∏¥‡∏ö, ‡∏ó‡∏≠‡∏á‡∏´‡∏¢‡∏≠‡∏î, ‡∏ù‡∏≠‡∏¢‡∏ó‡∏≠‡∏á)",‡∏ô‡πâ‡∏≥‡∏≠‡∏±‡∏î‡∏•‡∏°,"‡∏ï‡∏•‡∏Å‡πÄ‡∏£‡∏∑‡πà‡∏≠‡∏¢‡πÄ‡∏õ‡∏∑‡πà‡∏≠‡∏¢, ‡πÅ‡∏≠‡∏Ñ‡∏ä‡∏±‡πà‡∏ô‡∏ö‡∏π‡πä‡πÄ‡∏•‡∏∑‡∏≠‡∏î‡∏™‡∏≤‡∏î",‡∏ú‡∏à‡∏ç‡∏†‡∏±‡∏¢,Soul/Funk ‡∏Å‡πá‡∏¢‡∏±‡∏á‡πÑ‡∏´‡∏ß,‡∏™‡∏≤‡∏¢‡∏ó‡∏∞‡πÄ‡∏•,‡∏ô‡πâ‡∏≠‡∏á‡πÅ‡∏°‡∏ß,‡πÑ‡∏°‡πà‡πÄ‡∏™‡∏û,‡∏ö‡πâ‡∏≤‡∏ô,‡∏≠‡∏¢‡∏π‡πà‡∏Ñ‡∏£‡∏≠‡∏ö‡∏Ñ‡∏£‡∏±‡∏ß‡∏≠‡∏ö‡∏≠‡∏∏‡πà‡∏ô (‡πÑ‡∏°‡πà‡∏≠‡∏ö‡∏≠‡πâ‡∏≤‡∏ß),‡∏£‡∏ñ‡∏¢‡∏ô‡∏ï‡πå‡∏™‡πà‡∏ß‡∏ô‡∏ï‡∏±‡∏ß,3,3,4,4,1,1,‡∏°‡∏µ‡πÅ‡∏•‡πâ‡∏ß‡∏Ñ‡∏ô‡∏•‡∏∞‡πÄ‡∏û‡∏®,‡πÄ‡∏ó‡πà‡∏≤‡∏Å‡∏±‡∏ô (‡∏ï‡∏ö‡∏´‡∏±‡∏ß‡∏Å‡∏±‡∏ô‡∏¢‡∏±‡∏á‡∏Å‡∏∞‡πÄ‡∏û‡∏∑‡πà‡∏≠‡∏ô),‡πÄ‡∏Å‡∏¥‡∏ô 1 ‡∏õ‡∏µ
4/1/2020 21:29:38,‡∏Ñ‡∏ô‡∏î‡∏µ,‡πÑ‡∏°‡πà‡∏ï‡πâ‡∏≠‡∏á‡∏Å‡∏≤‡∏£‡∏£‡∏∞‡∏ö‡∏∏,22,185,75,40-33-36,‡∏Ç‡∏≤‡∏ß‡∏≠‡∏°‡∏ä‡∏°‡∏û‡∏π,‡∏™‡∏Å‡∏¥‡∏ô‡πÄ‡∏Æ‡∏î,‡∏î‡∏≥‡∏™‡∏ô‡∏¥‡∏ó,‡∏£‡∏π‡∏õ‡πÑ‡∏Ç‡πà,‡πÑ‡∏°‡πà‡πÉ‡∏™‡πà,‡∏°‡∏µ‡∏≠‡∏∞‡πÑ‡∏£‡∏Å‡πá‡∏´‡∏¢‡∏¥‡∏ö‡πÉ‡∏™‡πà‡πÜ‡πÑ‡∏õ ‡∏´‡∏ô‡πâ‡∏≤‡∏ï‡∏≤‡∏î‡∏µ‡πÑ‡∏°‡πà‡πÅ‡∏Ñ‡∏£‡πå,"‡∏≠‡∏≤‡∏´‡∏≤‡∏£‡∏à‡∏µ‡∏ô, ‡∏≠‡∏≤‡∏´‡∏≤‡∏£‡∏ç‡∏µ‡πà‡∏õ‡∏∏‡πà‡∏ô, ‡∏ö‡∏∏‡∏ü‡πÄ‡∏ü‡πà‡∏õ‡∏¥‡πâ‡∏á‡∏¢‡πà‡∏≤‡∏á/‡∏ä‡∏≤‡∏ö‡∏π ‡πÑ‡∏î‡πâ‡∏´‡∏°‡∏î‡∏ñ‡πâ‡∏≤‡∏™‡∏î‡∏ä‡∏∑‡πà‡∏ô","‡πÑ‡∏≠‡∏®‡∏£‡∏µ‡∏°, ‡∏ö‡∏¥‡∏á‡∏ã‡∏π, ‡∏ô‡πâ‡∏≥‡πÅ‡∏Ç‡πá‡∏á‡πÑ‡∏™","‡∏ä‡∏≤‡πÑ‡∏Ç‡πà‡∏°‡∏∏‡∏Å (‡∏Ñ‡∏•‡πâ‡∏≤‡∏¢‡∏Ç‡πâ‡∏≠‡∏Ç‡πâ‡∏≤‡∏á‡∏ö‡∏ô ‡πÅ‡∏Ñ‡πà‡πÄ‡∏û‡∏¥‡πà‡∏°‡πÑ‡∏Ç‡πà‡∏°‡∏∏‡∏Å), ‡∏ô‡∏°‡∏™‡∏î, ‡∏ä‡∏≠‡∏Ñ‡πÇ‡∏Å‡πÅ‡∏•‡∏ï","‡πÅ‡∏ü‡∏ô‡∏ï‡∏≤‡∏ã‡∏µ‡∏´‡∏ô‡∏µ‡∏™‡∏π‡πà‡∏à‡∏¥‡∏ô‡∏ï‡∏ô‡∏≤‡∏Å‡∏≤‡∏£, ‡∏™‡∏≤‡∏£‡∏Ñ‡∏î‡∏µ",‡πÅ‡∏ü‡∏ô‡∏ï‡∏≤‡∏ã‡∏µ,‡πÅ‡∏à‡πä‡∏™‡πÅ‡∏ö‡∏ö‡∏ú‡∏π‡πâ‡∏î‡∏µ,‡∏™‡∏≤‡∏¢‡πÄ‡∏Ç‡πâ‡∏≤‡∏õ‡πà‡∏≤,‡∏ô‡πâ‡∏≠‡∏á‡∏ó‡∏µ‡πà‡∏£‡∏π‡πâ‡∏à‡∏±‡∏Å,‡πÄ‡∏™‡∏û,‡∏ö‡πâ‡∏≤‡∏ô,‡∏≠‡∏¢‡∏π‡πà‡∏Ñ‡∏ô‡πÄ‡∏î‡∏µ‡∏¢‡∏ß‡πÄ‡∏´‡∏á‡∏≤‡πÜ,‡πÄ‡∏Ñ‡∏£‡∏∑‡πà‡∏≠‡∏á‡∏ö‡∏¥‡∏ô‡∏™‡πà‡∏ß‡∏ô‡∏ï‡∏±‡∏ß,4,5,7,1,0,0 (‡πÑ‡∏°‡πà‡πÄ‡∏Ñ‡∏¢‡∏°‡∏µ‡∏≠‡∏∞ ‡∏Æ‡∏∑‡∏≠‡∏≠‡∏≠‡∏≠‡∏≠‡∏≠),‡∏Å‡πá‡∏ö‡∏≠‡∏Å‡∏ß‡πà‡∏≤‡∏¢‡∏±‡∏á‡πÑ‡∏°‡πà‡∏°‡∏µ‡πÑ‡∏á‡∏≠‡∏¢‡πà‡∏≤‡∏¢‡πâ‡∏≥‡πÑ‡∏î‡πâ‡∏õ‡πà‡∏∞....,‡∏ô‡πâ‡∏≠‡∏¢‡∏Å‡∏ß‡πà‡∏≤ (‡∏≠‡∏°‡∏ï‡∏∞‡∏Å‡∏¥‡∏ô‡πÄ‡∏î‡πá‡∏Å),‡πÇ‡∏™‡∏î...‡∏á‡∏∞ ‡∏≠‡∏î‡∏≠‡∏¢‡∏≤‡∏Å‡∏õ‡∏≤‡∏Å‡πÅ‡∏´‡πâ‡∏á...‡∏°‡∏±‡πà‡∏Å‡πÄ‡∏£‡∏¢
4/1/2020 21:45:12,‡∏Å‡∏î‡∏Ñ‡∏¥‡∏ß,‡∏´‡∏ç‡∏¥‡∏á,37,157,57,34-24-25,‡∏Ñ‡∏•‡πâ‡∏≥‡∏ô‡∏¥‡∏î‡πÜ,‡∏ú‡∏°‡∏¢‡∏≤‡∏ß‡∏õ‡∏£‡∏∞‡∏ö‡πà‡∏≤,‡∏î‡∏≥‡∏™‡∏ô‡∏¥‡∏ó,‡∏ó‡∏£‡∏á‡∏Å‡∏•‡∏°,‡πÉ‡∏™‡πà,‡∏°‡∏µ‡∏≠‡∏∞‡πÑ‡∏£‡∏Å‡πá‡∏´‡∏¢‡∏¥‡∏ö‡πÉ‡∏™‡πà‡πÜ‡πÑ‡∏õ ‡∏´‡∏ô‡πâ‡∏≤‡∏ï‡∏≤‡∏î‡∏µ‡πÑ‡∏°‡πà‡πÅ‡∏Ñ‡∏£‡πå,"‡∏≠‡∏≤‡∏´‡∏≤‡∏£‡πÑ‡∏ó‡∏¢, ‡∏≠‡∏≤‡∏´‡∏≤‡∏£‡∏ç‡∏µ‡πà‡∏õ‡∏∏‡πà‡∏ô, ‡∏ö‡∏∏‡∏ü‡πÄ‡∏ü‡πà‡∏õ‡∏¥‡πâ‡∏á‡∏¢‡πà‡∏≤‡∏á/‡∏ä‡∏≤‡∏ö‡∏π ‡πÑ‡∏î‡πâ‡∏´‡∏°‡∏î‡∏ñ‡πâ‡∏≤‡∏™‡∏î‡∏ä‡∏∑‡πà‡∏ô","‡πÑ‡∏≠‡∏®‡∏£‡∏µ‡∏°, ‡∏ö‡∏¥‡∏á‡∏ã‡∏π, ‡∏ô‡πâ‡∏≥‡πÅ‡∏Ç‡πá‡∏á‡πÑ‡∏™, ‡πÇ‡∏ï‡πÄ‡∏Å‡∏µ‡∏¢‡∏ß","‡∏ä‡∏≤ (‡πÑ‡∏î‡πâ‡∏´‡∏°‡∏î ‡∏ä‡∏≤‡πÑ‡∏ó‡∏¢, ‡∏ä‡∏≤‡∏ô‡∏°, ‡∏ä‡∏≤‡πÄ‡∏Ç‡∏µ‡∏¢‡∏ß, ‡∏ä‡∏≤‡πÄ‡∏¢‡πá‡∏ô ‡∏≠‡∏∞‡πÑ‡∏£‡∏ó‡∏µ‡πà‡πÄ‡∏õ‡πá‡∏ô‡∏ä‡∏≤), ‡∏ä‡∏≤‡πÑ‡∏Ç‡πà‡∏°‡∏∏‡∏Å (‡∏Ñ‡∏•‡πâ‡∏≤‡∏¢‡∏Ç‡πâ‡∏≠‡∏Ç‡πâ‡∏≤‡∏á‡∏ö‡∏ô ‡πÅ‡∏Ñ‡πà‡πÄ‡∏û‡∏¥‡πà‡∏°‡πÑ‡∏Ç‡πà‡∏°‡∏∏‡∏Å), ‡∏Å‡∏≤‡πÅ‡∏ü, ‡∏ä‡∏≠‡∏Ñ‡πÇ‡∏Å‡πÅ‡∏•‡∏ï","‡πÇ‡∏£‡πÅ‡∏°‡∏ô‡∏ï‡∏¥‡∏Ñ‡∏Å‡∏∏‡πä‡∏Å‡∏Å‡∏¥‡πä‡∏Å, ‡∏ï‡∏•‡∏Å‡πÄ‡∏£‡∏∑‡πà‡∏≠‡∏¢‡πÄ‡∏õ‡∏∑‡πà‡∏≠‡∏¢, ‡πÅ‡∏≠‡∏Ñ‡∏ä‡∏±‡πà‡∏ô‡∏ö‡∏π‡πä‡πÄ‡∏•‡∏∑‡∏≠‡∏î‡∏™‡∏≤‡∏î, ‡∏™‡∏∑‡∏ö‡∏™‡∏ß‡∏ô‡∏™‡∏∏‡∏î‡∏°‡∏±‡∏ô, ‡∏ß‡∏¥‡∏ó‡∏¢‡∏®‡∏≤‡∏™‡∏ï‡∏£‡πå‡∏™‡∏ï‡∏¥‡πÄ‡∏ü‡∏∑‡πà‡∏≠‡∏á, ‡πÅ‡∏ü‡∏ô‡∏ï‡∏≤‡∏ã‡∏µ‡∏´‡∏ô‡∏µ‡∏™‡∏π‡πà‡∏à‡∏¥‡∏ô‡∏ï‡∏ô‡∏≤‡∏Å‡∏≤‡∏£, ‡∏¢‡πâ‡∏≠‡∏ô‡∏¢‡∏∏‡∏Ñ‡∏õ‡∏•‡∏∏‡∏Å‡∏õ‡∏£‡∏∞‡∏ß‡∏±‡∏ï‡∏¥‡∏®‡∏≤‡∏™‡∏ï‡∏£‡πå","‡∏ú‡∏à‡∏ç‡∏†‡∏±‡∏¢, ‡πÅ‡∏ü‡∏ô‡∏ï‡∏≤‡∏ã‡∏µ",‡∏•‡∏π‡∏Å‡∏Å‡∏£‡∏∏‡∏á,‡∏™‡∏≤‡∏¢‡∏†‡∏π‡πÄ‡∏Ç‡∏≤,‡∏ô‡πâ‡∏≠‡∏á‡∏´‡∏°‡∏≤,‡πÑ‡∏°‡πà‡πÄ‡∏™‡∏û,‡∏ö‡πâ‡∏≤‡∏ô,‡∏≠‡∏¢‡∏π‡πà‡∏Ñ‡∏£‡∏≠‡∏ö‡∏Ñ‡∏£‡∏±‡∏ß‡∏≠‡∏ö‡∏≠‡∏∏‡πà‡∏ô (‡πÑ‡∏°‡πà‡∏≠‡∏ö‡∏≠‡πâ‡∏≤‡∏ß),‡∏£‡∏ñ‡∏¢‡∏ô‡∏ï‡πå‡∏™‡πà‡∏ß‡∏ô‡∏ï‡∏±‡∏ß,4,5,7,5,2,0 (‡πÑ‡∏°‡πà‡πÄ‡∏Ñ‡∏¢‡∏°‡∏µ‡∏≠‡∏∞ ‡∏Æ‡∏∑‡∏≠‡∏≠‡∏≠‡∏≠‡∏≠‡∏≠),‡∏Å‡πá‡∏ö‡∏≠‡∏Å‡∏ß‡πà‡∏≤‡∏¢‡∏±‡∏á‡πÑ‡∏°‡πà‡∏°‡∏µ‡πÑ‡∏á‡∏≠‡∏¢‡πà‡∏≤‡∏¢‡πâ‡∏≥‡πÑ‡∏î‡πâ‡∏õ‡πà‡∏∞....,‡πÄ‡∏ó‡πà‡∏≤‡∏Å‡∏±‡∏ô (‡∏ï‡∏ö‡∏´‡∏±‡∏ß‡∏Å‡∏±‡∏ô‡∏¢‡∏±‡∏á‡∏Å‡∏∞‡πÄ‡∏û‡∏∑‡πà‡∏≠‡∏ô),‡πÇ‡∏™‡∏î...‡∏á‡∏∞ ‡∏≠‡∏î‡∏≠‡∏¢‡∏≤‡∏Å‡∏õ‡∏≤‡∏Å‡πÅ‡∏´‡πâ‡∏á...‡∏°‡∏±‡πà‡∏Å‡πÄ‡∏£‡∏¢
4/2/2020 1:25:00,üòî,‡∏´‡∏ç‡∏¥‡∏á,35,154,45,,‡∏Ç‡∏≤‡∏ß‡πÄ‡∏´‡∏•‡∏∑‡∏≠‡∏á‡πÅ‡∏ö‡∏ö‡πÄ‡∏≠‡πÄ‡∏ä‡∏µ‡∏¢,‡∏ú‡∏°‡∏¢‡∏≤‡∏ß‡∏õ‡∏£‡∏∞‡∏ö‡πà‡∏≤,‡∏î‡∏≥‡∏™‡∏ô‡∏¥‡∏ó,‡∏ó‡∏£‡∏á‡∏Å‡∏•‡∏°,‡πÑ‡∏°‡πà‡πÉ‡∏™‡πà,‡∏°‡∏µ‡∏≠‡∏∞‡πÑ‡∏£‡∏Å‡πá‡∏´‡∏¢‡∏¥‡∏ö‡πÉ‡∏™‡πà‡πÜ‡πÑ‡∏õ ‡∏´‡∏ô‡πâ‡∏≤‡∏ï‡∏≤‡∏î‡∏µ‡πÑ‡∏°‡πà‡πÅ‡∏Ñ‡∏£‡πå,"‡∏≠‡∏≤‡∏´‡∏≤‡∏£‡∏ç‡∏µ‡πà‡∏õ‡∏∏‡πà‡∏ô, ‡∏≠‡∏≤‡∏´‡∏≤‡∏£‡∏ù‡∏£‡∏±‡πà‡∏á, ‡∏ö‡∏∏‡∏ü‡πÄ‡∏ü‡πà‡∏õ‡∏¥‡πâ‡∏á‡∏¢‡πà‡∏≤‡∏á/‡∏ä‡∏≤‡∏ö‡∏π ‡πÑ‡∏î‡πâ‡∏´‡∏°‡∏î‡∏ñ‡πâ‡∏≤‡∏™‡∏î‡∏ä‡∏∑‡πà‡∏ô","‡πÄ‡∏Ñ‡πâ‡∏Å, ‡πÑ‡∏≠‡∏®‡∏£‡∏µ‡∏°","‡∏ä‡∏≤ (‡πÑ‡∏î‡πâ‡∏´‡∏°‡∏î ‡∏ä‡∏≤‡πÑ‡∏ó‡∏¢, ‡∏ä‡∏≤‡∏ô‡∏°, ‡∏ä‡∏≤‡πÄ‡∏Ç‡∏µ‡∏¢‡∏ß, ‡∏ä‡∏≤‡πÄ‡∏¢‡πá‡∏ô ‡∏≠‡∏∞‡πÑ‡∏£‡∏ó‡∏µ‡πà‡πÄ‡∏õ‡πá‡∏ô‡∏ä‡∏≤), ‡∏ä‡∏≤‡πÑ‡∏Ç‡πà‡∏°‡∏∏‡∏Å (‡∏Ñ‡∏•‡πâ‡∏≤‡∏¢‡∏Ç‡πâ‡∏≠‡∏Ç‡πâ‡∏≤‡∏á‡∏ö‡∏ô ‡πÅ‡∏Ñ‡πà‡πÄ‡∏û‡∏¥‡πà‡∏°‡πÑ‡∏Ç‡πà‡∏°‡∏∏‡∏Å), ‡∏Å‡∏≤‡πÅ‡∏ü","‡∏ï‡∏•‡∏Å‡πÄ‡∏£‡∏∑‡πà‡∏≠‡∏¢‡πÄ‡∏õ‡∏∑‡πà‡∏≠‡∏¢, ‡πÅ‡∏≠‡∏Ñ‡∏ä‡∏±‡πà‡∏ô‡∏ö‡∏π‡πä‡πÄ‡∏•‡∏∑‡∏≠‡∏î‡∏™‡∏≤‡∏î, ‡∏ß‡∏¥‡∏ó‡∏¢‡∏®‡∏≤‡∏™‡∏ï‡∏£‡πå‡∏™‡∏ï‡∏¥‡πÄ‡∏ü‡∏∑‡πà‡∏≠‡∏á","‡∏ú‡∏à‡∏ç‡∏†‡∏±‡∏¢, ‡πÅ‡∏ü‡∏ô‡∏ï‡∏≤‡∏ã‡∏µ, ‡∏Æ‡∏µ‡πÇ‡∏£‡πà‡∏™‡∏π‡πâ‡∏Å‡∏±‡∏ö‡∏™‡∏±‡∏ï‡∏ß‡πå‡∏õ‡∏£‡∏∞‡∏´‡∏•‡∏≤‡∏î","‡πÅ‡∏à‡πä‡∏™‡πÅ‡∏ö‡∏ö‡∏ú‡∏π‡πâ‡∏î‡∏µ, Boyband, Girl Group",‡∏™‡∏≤‡∏¢‡πÅ‡∏î‡∏Å‡πÅ‡∏´‡∏Å‡∏ó‡∏∏‡∏Å‡∏£‡πâ‡∏≤‡∏ô,‡∏ô‡πâ‡∏≠‡∏á‡∏´‡∏°‡∏≤,‡πÑ‡∏°‡πà‡πÄ‡∏™‡∏û,‡∏ö‡πâ‡∏≤‡∏ô,‡∏≠‡∏¢‡∏π‡πà‡∏Ñ‡∏£‡∏≠‡∏ö‡∏Ñ‡∏£‡∏±‡∏ß‡∏≠‡∏ö‡∏≠‡∏∏‡πà‡∏ô (‡πÑ‡∏°‡πà‡∏≠‡∏ö‡∏≠‡πâ‡∏≤‡∏ß),‡∏£‡∏ñ‡∏¢‡∏ô‡∏ï‡πå‡∏™‡πà‡∏ß‡∏ô‡∏ï‡∏±‡∏ß,3,3,5,3,1,3,‡∏Å‡πá‡∏ö‡∏≠‡∏Å‡∏ß‡πà‡∏≤‡∏¢‡∏±‡∏á‡πÑ‡∏°‡πà‡∏°‡∏µ‡πÑ‡∏á‡∏≠‡∏¢‡πà‡∏≤‡∏¢‡πâ‡∏≥‡πÑ‡∏î‡πâ‡∏õ‡πà‡∏∞....,‡πÄ‡∏ó‡πà‡∏≤‡∏Å‡∏±‡∏ô (‡∏ï‡∏ö‡∏´‡∏±‡∏ß‡∏Å‡∏±‡∏ô‡∏¢‡∏±‡∏á‡∏Å‡∏∞‡πÄ‡∏û‡∏∑‡πà‡∏≠‡∏ô),‡πÇ‡∏™‡∏î...‡∏á‡∏∞ ‡∏≠‡∏î‡∏≠‡∏¢‡∏≤‡∏Å‡∏õ‡∏≤‡∏Å‡πÅ‡∏´‡πâ‡∏á...‡∏°‡∏±‡πà‡∏Å‡πÄ‡∏£‡∏¢
4/2/2020 11:35:07,‡∏Å‡πá‡∏°‡∏≤‡∏î‡∏¥‡∏Ñ‡πâ‡∏≤‡∏ö‡∏ö,‡∏ä‡∏≤‡∏¢,20,175,99,45-45-42,‡∏Ç‡∏≤‡∏ß‡∏≠‡∏°‡∏ä‡∏°‡∏û‡∏π,‡∏£‡∏≠‡∏á‡∏ó‡∏£‡∏á‡∏ï‡πà‡∏≥,‡∏ó‡∏≠‡∏á,‡∏£‡∏π‡∏õ‡πÑ‡∏Ç‡πà,‡πÉ‡∏™‡πà,‡∏°‡∏µ‡∏≠‡∏∞‡πÑ‡∏£‡∏Å‡πá‡∏´‡∏¢‡∏¥‡∏ö‡πÉ‡∏™‡πà‡πÜ‡πÑ‡∏õ ‡∏´‡∏ô‡πâ‡∏≤‡∏ï‡∏≤‡∏î‡∏µ‡πÑ‡∏°‡πà‡πÅ‡∏Ñ‡∏£‡πå,"‡∏≠‡∏≤‡∏´‡∏≤‡∏£‡πÑ‡∏ó‡∏¢, ‡∏≠‡∏≤‡∏´‡∏≤‡∏£‡∏ç‡∏µ‡πà‡∏õ‡∏∏‡πà‡∏ô, ‡∏≠‡∏≤‡∏´‡∏≤‡∏£‡∏ï‡∏≤‡∏°‡∏™‡∏±‡πà‡∏á (‡∏õ‡∏£‡∏∞‡πÄ‡∏†‡∏ó‡∏Ç‡πâ‡∏≤‡∏ß), ‡∏≠‡∏≤‡∏´‡∏≤‡∏£‡∏ï‡∏≤‡∏°‡∏™‡∏±‡πà‡∏á (‡∏õ‡∏£‡∏∞‡πÄ‡∏†‡∏ó‡πÄ‡∏™‡πâ‡∏ô), ‡∏≠‡∏≤‡∏´‡∏≤‡∏£‡∏ü‡∏£‡∏µ (‡∏Å‡∏≤‡∏ù‡∏≤‡∏Å‡∏°‡∏≤‡∏Å‡∏ö‡∏≠‡∏Å‡πÄ‡∏•‡∏¢), ‡∏ö‡∏∏‡∏ü‡πÄ‡∏ü‡πà‡∏õ‡∏¥‡πâ‡∏á‡∏¢‡πà‡∏≤‡∏á/‡∏ä‡∏≤‡∏ö‡∏π ‡πÑ‡∏î‡πâ‡∏´‡∏°‡∏î‡∏ñ‡πâ‡∏≤‡∏™‡∏î‡∏ä‡∏∑‡πà‡∏ô","‡πÄ‡∏Ñ‡πâ‡∏Å, ‡πÑ‡∏≠‡∏®‡∏£‡∏µ‡∏°, ‡∏ö‡∏¥‡∏á‡∏ã‡∏π, ‡∏ß‡∏±‡∏ü‡πÄ‡∏ü‡∏¥‡∏•, ‡πÅ‡∏û‡∏ô‡πÄ‡∏Ñ‡πâ‡∏Å, ‡∏ô‡πâ‡∏≥‡πÅ‡∏Ç‡πá‡∏á‡πÑ‡∏™, ‡πÇ‡∏ï‡πÄ‡∏Å‡∏µ‡∏¢‡∏ß, ‡∏Ç‡∏ô‡∏°‡πÑ‡∏ó‡∏¢ (‡∏ó‡∏≠‡∏á‡∏´‡∏¢‡∏¥‡∏ö, ‡∏ó‡∏≠‡∏á‡∏´‡∏¢‡∏≠‡∏î, ‡∏ù‡∏≠‡∏¢‡∏ó‡∏≠‡∏á)","‡∏ä‡∏≤ (‡πÑ‡∏î‡πâ‡∏´‡∏°‡∏î ‡∏ä‡∏≤‡πÑ‡∏ó‡∏¢, ‡∏ä‡∏≤‡∏ô‡∏°, ‡∏ä‡∏≤‡πÄ‡∏Ç‡∏µ‡∏¢‡∏ß, ‡∏ä‡∏≤‡πÄ‡∏¢‡πá‡∏ô ‡∏≠‡∏∞‡πÑ‡∏£‡∏ó‡∏µ‡πà‡πÄ‡∏õ‡πá‡∏ô‡∏ä‡∏≤), ‡∏ô‡∏°‡∏™‡∏î, ‡∏ô‡πâ‡∏≥‡∏≠‡∏±‡∏î‡∏•‡∏°, ‡∏Å‡∏≤‡πÅ‡∏ü, ‡∏ô‡πâ‡∏≥‡∏ä‡∏á (‡πÅ‡∏î‡∏á‡πÇ‡∏ã‡∏î‡∏≤, ‡∏°‡∏∞‡∏ô‡∏≤‡∏ß‡πÇ‡∏ã‡∏î‡∏≤, ‡∏ö‡πä‡∏ß‡∏¢‡πÇ‡∏ã‡∏î‡∏≤ ‡∏ï‡∏≤‡∏°‡∏£‡πâ‡∏≤‡∏ô‡∏≠‡∏≤‡πÅ‡∏õ‡∏∞)","‡πÇ‡∏£‡πÅ‡∏°‡∏ô‡∏ï‡∏¥‡∏Ñ‡∏Å‡∏∏‡πä‡∏Å‡∏Å‡∏¥‡πä‡∏Å, ‡πÅ‡∏≠‡∏Ñ‡∏ä‡∏±‡πà‡∏ô‡∏ö‡∏π‡πä‡πÄ‡∏•‡∏∑‡∏≠‡∏î‡∏™‡∏≤‡∏î, ‡∏™‡∏∑‡∏ö‡∏™‡∏ß‡∏ô‡∏™‡∏∏‡∏î‡∏°‡∏±‡∏ô, ‡∏ß‡∏¥‡∏ó‡∏¢‡∏®‡∏≤‡∏™‡∏ï‡∏£‡πå‡∏™‡∏ï‡∏¥‡πÄ‡∏ü‡∏∑‡πà‡∏≠‡∏á, ‡πÅ‡∏ü‡∏ô‡∏ï‡∏≤‡∏ã‡∏µ‡∏´‡∏ô‡∏µ‡∏™‡∏π‡πà‡∏à‡∏¥‡∏ô‡∏ï‡∏ô‡∏≤‡∏Å‡∏≤‡∏£, ‡∏¢‡πâ‡∏≠‡∏ô‡∏¢‡∏∏‡∏Ñ‡∏õ‡∏•‡∏∏‡∏Å‡∏õ‡∏£‡∏∞‡∏ß‡∏±‡∏ï‡∏¥‡∏®‡∏≤‡∏™‡∏ï‡∏£‡πå","‡∏ú‡∏à‡∏ç‡∏†‡∏±‡∏¢, ‡∏ô‡∏¥‡∏ô‡∏à‡∏≤‡∏ã‡∏≤‡∏°‡∏π‡πÑ‡∏£, ‡πÅ‡∏ü‡∏ô‡∏ï‡∏≤‡∏ã‡∏µ, ‡∏ß‡∏±‡∏¢‡∏£‡∏∏‡πà‡∏ô‡∏ö‡πâ‡∏≤‡∏û‡∏•‡∏±‡∏á, ‡∏Æ‡∏≤‡πÄ‡∏•‡πá‡∏°, ‡∏Æ‡∏µ‡πÇ‡∏£‡πà‡∏™‡∏π‡πâ‡∏Å‡∏±‡∏ö‡∏™‡∏±‡∏ï‡∏ß‡πå‡∏õ‡∏£‡∏∞‡∏´‡∏•‡∏≤‡∏î","‡πÅ‡∏à‡πä‡∏™‡πÅ‡∏ö‡∏ö‡∏ú‡∏π‡πâ‡∏î‡∏µ, ‡∏ö‡∏•‡∏π‡∏™‡πå‡πÅ‡∏ö‡∏ö‡πÄ‡∏Ç‡πâ‡∏≤‡∏ñ‡∏∂‡∏á, Soul/Funk ‡∏Å‡πá‡∏¢‡∏±‡∏á‡πÑ‡∏´‡∏ß, ‡∏Æ‡∏¥‡∏û‡∏Æ‡∏≠‡∏û‡∏î‡∏¥‡∏ß‡πä‡∏≤‡πÇ‡∏à‡πâ‡∏ß‡πÜ, K-Pop, Girl Group",‡πÄ‡∏Ç‡πâ‡∏≤‡∏ß‡∏±‡∏î‡πÄ‡∏Ç‡πâ‡∏≤‡∏ß‡∏≤,‡∏ô‡πâ‡∏≠‡∏á‡πÄ‡∏û‡∏∑‡πà‡∏≠‡∏ô (‡πÉ‡∏Ñ‡∏£‡∏°‡∏±‡∏ô‡∏à‡∏∞‡∏ï‡∏≠‡∏ö‡∏Ç‡πâ‡∏≠‡∏ô‡∏µ‡πâ?),‡πÑ‡∏°‡πà‡πÄ‡∏™‡∏û,‡∏´‡∏≠‡∏û‡∏±‡∏Å,‡∏≠‡∏¢‡∏π‡πà‡∏Ñ‡∏ô‡πÄ‡∏î‡∏µ‡∏¢‡∏ß‡πÄ‡∏´‡∏á‡∏≤‡πÜ,"‡∏£‡∏ñ‡πÇ‡∏î‡∏¢‡∏™‡∏≤‡∏£ (‡∏£‡∏ñ‡πÄ‡∏°‡∏•‡πå, ‡∏û‡∏µ‡πà‡∏ß‡∏¥‡∏ô, ‡πÅ‡∏ó‡πä‡∏Å‡∏ã‡∏µ‡πà ‡πÑ‡∏î‡πâ‡∏´‡∏°‡∏î)",4,5,7,7,0,3,‡∏°‡∏µ‡πÅ‡∏•‡πâ‡∏ß‡∏Ñ‡∏ô‡∏•‡∏∞‡πÄ‡∏û‡∏®,‡∏°‡∏≤‡∏Å‡∏Å‡∏ß‡πà‡∏≤ (‡∏≠‡∏¢‡∏π‡πà‡∏î‡πâ‡∏ß‡∏¢‡∏•‡∏∞‡∏≠‡∏∏‡πà‡∏ô‡πÉ‡∏à),‡πÄ‡∏Å‡∏¥‡∏ô 1 ‡∏õ‡∏µ
4/2/2020 11:48:17,N,‡∏ä‡∏≤‡∏¢,22,172,111,.,‡∏Ç‡∏≤‡∏ß‡πÄ‡∏´‡∏•‡∏∑‡∏≠‡∏á‡πÅ‡∏ö‡∏ö‡πÄ‡∏≠‡πÄ‡∏ä‡∏µ‡∏¢,‡∏£‡∏≠‡∏á‡∏ó‡∏£‡∏á‡∏™‡∏π‡∏á,‡∏î‡∏≥‡∏™‡∏ô‡∏¥‡∏ó,‡πÅ‡∏õ‡∏î‡πÄ‡∏´‡∏•‡∏µ‡πà‡∏¢‡∏° (‡∏°‡∏±‡∏ô‡∏°‡∏µ‡∏ó‡∏µ‡πà‡πÑ‡∏´‡∏ô?),‡πÑ‡∏°‡πà‡πÉ‡∏™‡πà,‡∏°‡∏µ‡∏≠‡∏∞‡πÑ‡∏£‡∏Å‡πá‡∏´‡∏¢‡∏¥‡∏ö‡πÉ‡∏™‡πà‡πÜ‡πÑ‡∏õ ‡∏´‡∏ô‡πâ‡∏≤‡∏ï‡∏≤‡∏î‡∏µ‡πÑ‡∏°‡πà‡πÅ‡∏Ñ‡∏£‡πå,‡∏≠‡∏≤‡∏´‡∏≤‡∏£‡πÑ‡∏ó‡∏¢,‡∏ö‡∏¥‡∏á‡∏ã‡∏π,‡∏ä‡∏≤‡πÑ‡∏Ç‡πà‡∏°‡∏∏‡∏Å (‡∏Ñ‡∏•‡πâ‡∏≤‡∏¢‡∏Ç‡πâ‡∏≠‡∏Ç‡πâ‡∏≤‡∏á‡∏ö‡∏ô ‡πÅ‡∏Ñ‡πà‡πÄ‡∏û‡∏¥‡πà‡∏°‡πÑ‡∏Ç‡πà‡∏°‡∏∏‡∏Å),"‡πÇ‡∏£‡πÅ‡∏°‡∏ô‡∏ï‡∏¥‡∏Ñ‡∏Å‡∏∏‡πä‡∏Å‡∏Å‡∏¥‡πä‡∏Å, ‡∏™‡∏≤‡∏£‡∏Ñ‡∏î‡∏µ","‡∏Å‡∏µ‡∏¨‡∏≤, ‡πÅ‡∏ü‡∏ô‡∏ï‡∏≤‡∏ã‡∏µ","‡∏ö‡∏•‡∏π‡∏™‡πå‡πÅ‡∏ö‡∏ö‡πÄ‡∏Ç‡πâ‡∏≤‡∏ñ‡∏∂‡∏á, ‡πÄ‡∏û‡∏∑‡πà‡∏≠‡∏ä‡∏µ‡∏ß‡∏¥‡∏ï",‡πÄ‡∏ó‡∏µ‡πà‡∏¢‡∏ß‡∏Å‡∏•‡∏≤‡∏á‡∏ß‡∏±‡∏ô‡∏Ç‡∏¢‡∏±‡∏ô‡∏ä‡∏≠‡∏õ,‡∏ô‡πâ‡∏≠‡∏á‡πÅ‡∏°‡∏ß,‡πÑ‡∏°‡πà‡πÄ‡∏™‡∏û,‡∏ö‡πâ‡∏≤‡∏ô,‡∏≠‡∏¢‡∏π‡πà‡∏Ñ‡∏£‡∏≠‡∏ö‡∏Ñ‡∏£‡∏±‡∏ß‡∏≠‡∏ö‡∏≠‡∏∏‡πà‡∏ô (‡πÑ‡∏°‡πà‡∏≠‡∏ö‡∏≠‡πâ‡∏≤‡∏ß),‡πÄ‡∏î‡∏¥‡∏ô....,3,3,4,5,0,1,‡∏Å‡πá‡∏ö‡∏≠‡∏Å‡∏ß‡πà‡∏≤‡∏¢‡∏±‡∏á‡πÑ‡∏°‡πà‡∏°‡∏µ‡πÑ‡∏á‡∏≠‡∏¢‡πà‡∏≤‡∏¢‡πâ‡∏≥‡πÑ‡∏î‡πâ‡∏õ‡πà‡∏∞....,‡∏ô‡πâ‡∏≠‡∏¢‡∏Å‡∏ß‡πà‡∏≤ (‡∏≠‡∏°‡∏ï‡∏∞‡∏Å‡∏¥‡∏ô‡πÄ‡∏î‡πá‡∏Å),‡πÄ‡∏Å‡∏¥‡∏ô 1 ‡∏õ‡∏µ
4/2/2020 12:10:18,‡πÑ‡∏≠‡πâ‡∏ï‡πâ‡∏≤‡∏ß,‡∏ä‡∏≤‡∏¢,24,171,70,‡πÑ‡∏°‡πà‡∏£‡∏π‡πâ‡∏Ñ‡πà‡∏≤,‡∏™‡∏µ‡πÅ‡∏ó‡∏ô (‡∏™‡∏µ‡∏ô‡πâ‡∏≥‡∏ú‡∏∂‡πâ‡∏á),‡∏£‡∏≠‡∏á‡∏ó‡∏£‡∏á‡∏™‡∏π‡∏á,‡∏î‡∏≥‡∏™‡∏ô‡∏¥‡∏ó,‡∏ó‡∏£‡∏á‡∏Å‡∏•‡∏°,‡πÑ‡∏°‡πà‡πÉ‡∏™‡πà,‡∏°‡∏µ‡∏≠‡∏∞‡πÑ‡∏£‡∏Å‡πá‡∏´‡∏¢‡∏¥‡∏ö‡πÉ‡∏™‡πà‡πÜ‡πÑ‡∏õ ‡∏´‡∏ô‡πâ‡∏≤‡∏ï‡∏≤‡∏î‡∏µ‡πÑ‡∏°‡πà‡πÅ‡∏Ñ‡∏£‡πå,"‡∏≠‡∏≤‡∏´‡∏≤‡∏£‡πÑ‡∏ó‡∏¢, ‡∏≠‡∏≤‡∏´‡∏≤‡∏£‡∏ï‡∏≤‡∏°‡∏™‡∏±‡πà‡∏á (‡∏õ‡∏£‡∏∞‡πÄ‡∏†‡∏ó‡∏Ç‡πâ‡∏≤‡∏ß), ‡∏ö‡∏∏‡∏ü‡πÄ‡∏ü‡πà‡∏õ‡∏¥‡πâ‡∏á‡∏¢‡πà‡∏≤‡∏á/‡∏ä‡∏≤‡∏ö‡∏π ‡πÑ‡∏î‡πâ‡∏´‡∏°‡∏î‡∏ñ‡πâ‡∏≤‡∏™‡∏î‡∏ä‡∏∑‡πà‡∏ô",‡πÇ‡∏ï‡πÄ‡∏Å‡∏µ‡∏¢‡∏ß,"‡∏ä‡∏≤ (‡πÑ‡∏î‡πâ‡∏´‡∏°‡∏î ‡∏ä‡∏≤‡πÑ‡∏ó‡∏¢, ‡∏ä‡∏≤‡∏ô‡∏°, ‡∏ä‡∏≤‡πÄ‡∏Ç‡∏µ‡∏¢‡∏ß, ‡∏ä‡∏≤‡πÄ‡∏¢‡πá‡∏ô ‡∏≠‡∏∞‡πÑ‡∏£‡∏ó‡∏µ‡πà‡πÄ‡∏õ‡πá‡∏ô‡∏ä‡∏≤), ‡∏ô‡πâ‡∏≥‡∏≠‡∏±‡∏î‡∏•‡∏°","‡∏ï‡∏•‡∏Å‡πÄ‡∏£‡∏∑‡πà‡∏≠‡∏¢‡πÄ‡∏õ‡∏∑‡πà‡∏≠‡∏¢, ‡πÅ‡∏≠‡∏Ñ‡∏ä‡∏±‡πà‡∏ô‡∏ö‡∏π‡πä‡πÄ‡∏•‡∏∑‡∏≠‡∏î‡∏™‡∏≤‡∏î, ‡∏ú‡∏µ‡∏´‡∏•‡∏≠‡∏Å‡∏Ñ‡∏∑‡∏ô‡∏´‡∏•‡∏≠‡∏ô, ‡∏™‡∏∑‡∏ö‡∏™‡∏ß‡∏ô‡∏™‡∏∏‡∏î‡∏°‡∏±‡∏ô, ‡πÅ‡∏ü‡∏ô‡∏ï‡∏≤‡∏ã‡∏µ‡∏´‡∏ô‡∏µ‡∏™‡∏π‡πà‡∏à‡∏¥‡∏ô‡∏ï‡∏ô‡∏≤‡∏Å‡∏≤‡∏£","‡∏Å‡∏µ‡∏¨‡∏≤, ‡∏ß‡∏±‡∏¢‡∏£‡∏∏‡πà‡∏ô‡∏ö‡πâ‡∏≤‡∏û‡∏•‡∏±‡∏á","Soul/Funk ‡∏Å‡πá‡∏¢‡∏±‡∏á‡πÑ‡∏´‡∏ß, Retro (‡πÑ‡∏°‡πà‡πÉ‡∏ä‡πà Retrospect ‡∏ô‡∏∞), ‡∏£‡πá‡∏≠‡∏Ñ‡∏™‡∏∏‡∏î‡πÉ‡∏à",‡∏Ñ‡∏±‡∏°‡∏õ‡πå‡∏õ‡∏¥‡πâ‡∏á ‡∏≠‡∏¢‡∏π‡πà‡∏ö‡πâ‡∏≤‡∏ô‡πÇ‡∏á‡πà‡πÜ ‡∏ä‡∏≠‡∏ö‡πÇ‡∏á‡πà‡πÜ //‡∏à‡∏∏‡πä‡πÜ ‡∏≠‡∏¢‡πà‡∏≤‡∏ö‡∏≠‡∏Å‡πÉ‡∏Ñ‡∏£‡∏ô‡∏∞,‡∏ô‡πâ‡∏≠‡∏á‡πÅ‡∏°‡∏ß,‡πÑ‡∏°‡πà‡πÄ‡∏™‡∏û,‡∏ö‡πâ‡∏≤‡∏ô,‡∏≠‡∏¢‡∏π‡πà‡∏Ñ‡∏£‡∏≠‡∏ö‡∏Ñ‡∏£‡∏±‡∏ß‡∏≠‡∏ö‡∏≠‡∏∏‡πà‡∏ô (‡πÑ‡∏°‡πà‡∏≠‡∏ö‡∏≠‡πâ‡∏≤‡∏ß),‡∏°‡∏≠‡πÄ‡∏ï‡∏≠‡∏£‡πå‡πÑ‡∏ã‡∏Ñ‡πå‡∏™‡πà‡∏ß‡∏ô‡∏ï‡∏±‡∏ß,3,4,2,3,0,0 (‡πÑ‡∏°‡πà‡πÄ‡∏Ñ‡∏¢‡∏°‡∏µ‡∏≠‡∏∞ ‡∏Æ‡∏∑‡∏≠‡∏≠‡∏≠‡∏≠‡∏≠‡∏≠),‡∏Å‡πá‡∏ö‡∏≠‡∏Å‡∏ß‡πà‡∏≤‡∏¢‡∏±‡∏á‡πÑ‡∏°‡πà‡∏°‡∏µ‡πÑ‡∏á‡∏≠‡∏¢‡πà‡∏≤‡∏¢‡πâ‡∏≥‡πÑ‡∏î‡πâ‡∏õ‡πà‡∏∞....,‡πÄ‡∏ó‡πà‡∏≤‡∏Å‡∏±‡∏ô (‡∏ï‡∏ö‡∏´‡∏±‡∏ß‡∏Å‡∏±‡∏ô‡∏¢‡∏±‡∏á‡∏Å‡∏∞‡πÄ‡∏û‡∏∑‡πà‡∏≠‡∏ô),‡πÇ‡∏™‡∏î...‡∏á‡∏∞ ‡∏≠‡∏î‡∏≠‡∏¢‡∏≤‡∏Å‡∏õ‡∏≤‡∏Å‡πÅ‡∏´‡πâ‡∏á...‡∏°‡∏±‡πà‡∏Å‡πÄ‡∏£‡∏¢
4/2/2020 14:24:11,‡∏™‡∏≤‡∏¢‡πÄ‡∏™‡∏°‡∏≠,‡∏ä‡∏≤‡∏¢,24,170,64,42-32-32 ‡πÑ‡∏°‡πà‡πÅ‡∏ô‡πà‡πÉ‡∏à,‡∏Ç‡∏≤‡∏ß‡πÄ‡∏´‡∏•‡∏∑‡∏≠‡∏á‡πÅ‡∏ö‡∏ö‡πÄ‡∏≠‡πÄ‡∏ä‡∏µ‡∏¢,‡∏≠‡∏±‡∏ô‡πÄ‡∏î‡∏≠‡∏£‡πå‡∏Ñ‡∏±‡∏î (‡πÑ‡∏ñ‡πÄ‡∏õ‡∏¥‡∏î),‡∏î‡∏≥‡∏™‡∏ô‡∏¥‡∏ó,‡∏£‡∏π‡∏õ‡πÑ‡∏Ç‡πà,‡πÑ‡∏°‡πà‡πÉ‡∏™‡πà,‡∏°‡∏µ‡∏≠‡∏∞‡πÑ‡∏£‡∏Å‡πá‡∏´‡∏¢‡∏¥‡∏ö‡πÉ‡∏™‡πà‡πÜ‡πÑ‡∏õ ‡∏´‡∏ô‡πâ‡∏≤‡∏ï‡∏≤‡∏î‡∏µ‡πÑ‡∏°‡πà‡πÅ‡∏Ñ‡∏£‡πå,"‡∏≠‡∏≤‡∏´‡∏≤‡∏£‡πÑ‡∏ó‡∏¢, ‡∏≠‡∏≤‡∏´‡∏≤‡∏£‡∏ï‡∏≤‡∏°‡∏™‡∏±‡πà‡∏á (‡∏õ‡∏£‡∏∞‡πÄ‡∏†‡∏ó‡∏Ç‡πâ‡∏≤‡∏ß), ‡∏ö‡∏∏‡∏ü‡πÄ‡∏ü‡πà‡∏õ‡∏¥‡πâ‡∏á‡∏¢‡πà‡∏≤‡∏á/‡∏ä‡∏≤‡∏ö‡∏π ‡πÑ‡∏î‡πâ‡∏´‡∏°‡∏î‡∏ñ‡πâ‡∏≤‡∏™‡∏î‡∏ä‡∏∑‡πà‡∏ô","‡πÄ‡∏Ñ‡πâ‡∏Å, ‡πÑ‡∏≠‡∏®‡∏£‡∏µ‡∏°, ‡∏ö‡∏¥‡∏á‡∏ã‡∏π, ‡∏ß‡∏±‡∏ü‡πÄ‡∏ü‡∏¥‡∏•, ‡πÅ‡∏û‡∏ô‡πÄ‡∏Ñ‡πâ‡∏Å, ‡∏ô‡πâ‡∏≥‡πÅ‡∏Ç‡πá‡∏á‡πÑ‡∏™, ‡πÇ‡∏ï‡πÄ‡∏Å‡∏µ‡∏¢‡∏ß","‡∏ä‡∏≤ (‡πÑ‡∏î‡πâ‡∏´‡∏°‡∏î ‡∏ä‡∏≤‡πÑ‡∏ó‡∏¢, ‡∏ä‡∏≤‡∏ô‡∏°, ‡∏ä‡∏≤‡πÄ‡∏Ç‡∏µ‡∏¢‡∏ß, ‡∏ä‡∏≤‡πÄ‡∏¢‡πá‡∏ô ‡∏≠‡∏∞‡πÑ‡∏£‡∏ó‡∏µ‡πà‡πÄ‡∏õ‡πá‡∏ô‡∏ä‡∏≤), ‡∏ä‡∏≤‡πÑ‡∏Ç‡πà‡∏°‡∏∏‡∏Å (‡∏Ñ‡∏•‡πâ‡∏≤‡∏¢‡∏Ç‡πâ‡∏≠‡∏Ç‡πâ‡∏≤‡∏á‡∏ö‡∏ô ‡πÅ‡∏Ñ‡πà‡πÄ‡∏û‡∏¥‡πà‡∏°‡πÑ‡∏Ç‡πà‡∏°‡∏∏‡∏Å), ‡∏ô‡∏°‡∏™‡∏î, ‡∏ô‡πâ‡∏≥‡∏≠‡∏±‡∏î‡∏•‡∏°, ‡∏ô‡πâ‡∏≥‡∏ú‡∏•‡πÑ‡∏°‡πâ, ‡∏Å‡∏≤‡πÅ‡∏ü, ‡∏ä‡∏≠‡∏Ñ‡πÇ‡∏Å‡πÅ‡∏•‡∏ï, ‡∏ô‡πâ‡∏≥‡∏ä‡∏á (‡πÅ‡∏î‡∏á‡πÇ‡∏ã‡∏î‡∏≤, ‡∏°‡∏∞‡∏ô‡∏≤‡∏ß‡πÇ‡∏ã‡∏î‡∏≤, ‡∏ö‡πä‡∏ß‡∏¢‡πÇ‡∏ã‡∏î‡∏≤ ‡∏ï‡∏≤‡∏°‡∏£‡πâ‡∏≤‡∏ô‡∏≠‡∏≤‡πÅ‡∏õ‡∏∞)","‡πÇ‡∏£‡πÅ‡∏°‡∏ô‡∏ï‡∏¥‡∏Ñ‡∏Å‡∏∏‡πä‡∏Å‡∏Å‡∏¥‡πä‡∏Å, ‡πÅ‡∏≠‡∏Ñ‡∏ä‡∏±‡πà‡∏ô‡∏ö‡∏π‡πä‡πÄ‡∏•‡∏∑‡∏≠‡∏î‡∏™‡∏≤‡∏î, ‡∏ß‡∏¥‡∏ó‡∏¢‡∏®‡∏≤‡∏™‡∏ï‡∏£‡πå‡∏™‡∏ï‡∏¥‡πÄ‡∏ü‡∏∑‡πà‡∏≠‡∏á, ‡πÅ‡∏ü‡∏ô‡∏ï‡∏≤‡∏ã‡∏µ‡∏´‡∏ô‡∏µ‡∏™‡∏π‡πà‡∏à‡∏¥‡∏ô‡∏ï‡∏ô‡∏≤‡∏Å‡∏≤‡∏£","‡∏Å‡∏µ‡∏¨‡∏≤, ‡∏ú‡∏à‡∏ç‡∏†‡∏±‡∏¢, ‡∏ô‡∏¥‡∏ô‡∏à‡∏≤‡∏ã‡∏≤‡∏°‡∏π‡πÑ‡∏£, ‡πÅ‡∏ü‡∏ô‡∏ï‡∏≤‡∏ã‡∏µ, ‡∏ß‡∏±‡∏¢‡∏£‡∏∏‡πà‡∏ô‡∏ö‡πâ‡∏≤‡∏û‡∏•‡∏±‡∏á","‡∏£‡πá‡∏≠‡∏Ñ‡∏™‡∏∏‡∏î‡πÉ‡∏à, ‡πÄ‡∏û‡∏∑‡πà‡∏≠‡∏ä‡∏µ‡∏ß‡∏¥‡∏ï",‡∏™‡∏≤‡∏¢‡πÄ‡∏Ç‡πâ‡∏≤‡∏õ‡πà‡∏≤,‡∏ô‡πâ‡∏≠‡∏á‡∏ô‡∏Å (‡∏ô‡∏Å‡πÑ‡∏õ‡πÄ‡∏£‡∏∑‡πà‡∏≠‡∏¢),‡πÄ‡∏™‡∏û,‡∏´‡∏≠‡∏û‡∏±‡∏Å,‡∏≠‡∏¢‡∏π‡πà‡∏Å‡∏±‡∏ö‡πÄ‡∏û‡∏∑‡πà‡∏≠‡∏ô‡∏Ñ‡∏£‡∏∑‡πâ‡∏ô‡πÄ‡∏Ñ‡∏£‡∏á,‡∏°‡∏≠‡πÄ‡∏ï‡∏≠‡∏£‡πå‡πÑ‡∏ã‡∏Ñ‡πå‡∏™‡πà‡∏ß‡∏ô‡∏ï‡∏±‡∏ß,3,2,4,1,1,3,‡∏°‡∏µ‡πÅ‡∏•‡πâ‡∏ß‡∏Ñ‡∏ô‡∏•‡∏∞‡πÄ‡∏û‡∏®,‡∏ô‡πâ‡∏≠‡∏¢‡∏Å‡∏ß‡πà‡∏≤ (‡∏≠‡∏°‡∏ï‡∏∞‡∏Å‡∏¥‡∏ô‡πÄ‡∏î‡πá‡∏Å),‡πÄ‡∏Å‡∏¥‡∏ô 1 ‡∏õ‡∏µ
4/2/2020 14:37:46,‡∏™‡∏∏‡∏†‡∏≤‡∏û‡∏ö‡∏∏‡∏£‡∏∏‡∏©‡∏à‡∏∏‡∏ë‡∏≤‡πÄ‡∏ó‡∏û,‡∏ä‡∏≤‡∏¢,24,180,70,45-32-34,‡∏™‡∏µ‡πÅ‡∏ó‡∏ô (‡∏™‡∏µ‡∏ô‡πâ‡∏≥‡∏ú‡∏∂‡πâ‡∏á),‡∏≠‡∏±‡∏ô‡πÄ‡∏î‡∏≠‡∏£‡πå‡∏Ñ‡∏±‡∏î (‡πÑ‡∏ñ‡πÄ‡∏õ‡∏¥‡∏î),‡∏î‡∏≥‡∏™‡∏ô‡∏¥‡∏ó,‡∏£‡∏π‡∏õ‡πÑ‡∏Ç‡πà,‡πÑ‡∏°‡πà‡πÉ‡∏™‡πà,‡πÄ‡∏ô‡πâ‡∏ô‡∏Ç‡∏≠‡∏á‡πÅ‡∏ö‡∏£‡∏ô‡∏î‡πå‡πÄ‡∏ô‡∏°,"‡∏≠‡∏≤‡∏´‡∏≤‡∏£‡πÑ‡∏ó‡∏¢, ‡∏≠‡∏≤‡∏´‡∏≤‡∏£‡∏ç‡∏µ‡πà‡∏õ‡∏∏‡πà‡∏ô, ‡∏≠‡∏≤‡∏´‡∏≤‡∏£‡∏ù‡∏£‡∏±‡πà‡∏á",‡πÑ‡∏°‡πà‡∏£‡∏±‡∏ö‡∏õ‡∏£‡∏∞‡∏ó‡∏≤‡∏ô ‡πÑ‡∏°‡πà‡∏î‡∏µ‡∏ï‡πà‡∏≠‡∏™‡∏∏‡∏Ç‡∏†‡∏≤‡∏û,‡∏ô‡πâ‡∏≥‡∏ú‡∏•‡πÑ‡∏°‡πâ,‡πÅ‡∏ô‡∏ß‡πÑ‡∏´‡∏ô‡∏Å‡πá‡πÑ‡∏î‡πâ ‡πÅ‡∏Ñ‡πà‡∏°‡∏µ‡πÄ‡∏ó‡∏≠,"‡∏Å‡∏µ‡∏¨‡∏≤, ‡∏ú‡∏à‡∏ç‡∏†‡∏±‡∏¢","‡πÅ‡∏à‡πä‡∏™‡πÅ‡∏ö‡∏ö‡∏ú‡∏π‡πâ‡∏î‡∏µ, ‡πÅ‡∏ô‡∏ß wip wup",‡πÄ‡∏Ç‡πâ‡∏≤‡∏ß‡∏±‡∏î‡πÄ‡∏Ç‡πâ‡∏≤‡∏ß‡∏≤,‡∏ô‡πâ‡∏≠‡∏á‡∏≠‡∏∞‡πÑ‡∏£‡∏Å‡πá‡πÑ‡∏î‡πâ ‡∏û‡∏µ‡πà‡∏£‡∏±‡∏Å‡∏ó‡∏±‡πâ‡∏á‡∏ô‡∏±‡πâ‡∏ô,‡πÑ‡∏°‡πà‡πÄ‡∏™‡∏û,‡∏ö‡πâ‡∏≤‡∏ô,‡∏≠‡∏¢‡∏π‡πà‡∏Ñ‡∏ô‡πÄ‡∏î‡∏µ‡∏¢‡∏ß‡πÄ‡∏´‡∏á‡∏≤‡πÜ,‡∏£‡∏ñ‡∏¢‡∏ô‡∏ï‡πå‡∏™‡πà‡∏ß‡∏ô‡∏ï‡∏±‡∏ß,5,5,7,1,1,0 (‡πÑ‡∏°‡πà‡πÄ‡∏Ñ‡∏¢‡∏°‡∏µ‡∏≠‡∏∞ ‡∏Æ‡∏∑‡∏≠‡∏≠‡∏≠‡∏≠‡∏≠‡∏≠),‡∏Å‡πá‡∏ö‡∏≠‡∏Å‡∏ß‡πà‡∏≤‡∏¢‡∏±‡∏á‡πÑ‡∏°‡πà‡∏°‡∏µ‡πÑ‡∏á‡∏≠‡∏¢‡πà‡∏≤‡∏¢‡πâ‡∏≥‡πÑ‡∏î‡πâ‡∏õ‡πà‡∏∞....,‡∏ô‡πâ‡∏≠‡∏¢‡∏Å‡∏ß‡πà‡∏≤ (‡∏≠‡∏°‡∏ï‡∏∞‡∏Å‡∏¥‡∏ô‡πÄ‡∏î‡πá‡∏Å),‡πÇ‡∏™‡∏î...‡∏á‡∏∞ ‡∏≠‡∏î‡∏≠‡∏¢‡∏≤‡∏Å‡∏õ‡∏≤‡∏Å‡πÅ‡∏´‡πâ‡∏á...‡∏°‡∏±‡πà‡∏Å‡πÄ‡∏£‡∏¢
4/3/2020 15:12:39,FuzzyLogiz,‡∏ä‡∏≤‡∏¢,2020,176,67,55-55-55,‡∏Ç‡∏≤‡∏ß‡πÄ‡∏´‡∏•‡∏∑‡∏≠‡∏á‡πÅ‡∏ö‡∏ö‡πÄ‡∏≠‡πÄ‡∏ä‡∏µ‡∏¢,‡∏ú‡∏°‡∏¢‡∏≤‡∏ß‡∏õ‡∏£‡∏∞‡∏ö‡πà‡∏≤,‡∏ô‡πâ‡∏≥‡∏ï‡∏≤‡∏•,‡πÅ‡∏õ‡∏î‡πÄ‡∏´‡∏•‡∏µ‡πà‡∏¢‡∏° (‡∏°‡∏±‡∏ô‡∏°‡∏µ‡∏ó‡∏µ‡πà‡πÑ‡∏´‡∏ô?),‡πÑ‡∏°‡πà‡πÉ‡∏™‡πà,‡∏ß‡∏¥‡∏ô‡πÄ‡∏ó‡∏à,"‡∏≠‡∏≤‡∏´‡∏≤‡∏£‡πÑ‡∏ó‡∏¢, ‡∏≠‡∏≤‡∏´‡∏≤‡∏£‡∏ç‡∏µ‡πà‡∏õ‡∏∏‡πà‡∏ô, ‡∏≠‡∏≤‡∏´‡∏≤‡∏£‡∏ù‡∏£‡∏±‡πà‡∏á, ‡∏≠‡∏≤‡∏´‡∏≤‡∏£‡∏ï‡∏≤‡∏°‡∏™‡∏±‡πà‡∏á (‡∏õ‡∏£‡∏∞‡πÄ‡∏†‡∏ó‡πÄ‡∏™‡πâ‡∏ô), ‡∏≠‡∏≤‡∏´‡∏≤‡∏£‡∏ü‡∏£‡∏µ (‡∏Å‡∏≤‡∏ù‡∏≤‡∏Å‡∏°‡∏≤‡∏Å‡∏ö‡∏≠‡∏Å‡πÄ‡∏•‡∏¢)","‡πÑ‡∏≠‡∏®‡∏£‡∏µ‡∏°, ‡∏ß‡∏±‡∏ü‡πÄ‡∏ü‡∏¥‡∏•, ‡πÅ‡∏û‡∏ô‡πÄ‡∏Ñ‡πâ‡∏Å, ‡∏ô‡πâ‡∏≥‡πÅ‡∏Ç‡πá‡∏á‡πÑ‡∏™","‡∏ä‡∏≤ (‡πÑ‡∏î‡πâ‡∏´‡∏°‡∏î ‡∏ä‡∏≤‡πÑ‡∏ó‡∏¢, ‡∏ä‡∏≤‡∏ô‡∏°, ‡∏ä‡∏≤‡πÄ‡∏Ç‡∏µ‡∏¢‡∏ß, ‡∏ä‡∏≤‡πÄ‡∏¢‡πá‡∏ô ‡∏≠‡∏∞‡πÑ‡∏£‡∏ó‡∏µ‡πà‡πÄ‡∏õ‡πá‡∏ô‡∏ä‡∏≤), ‡∏ä‡∏≤‡πÑ‡∏Ç‡πà‡∏°‡∏∏‡∏Å (‡∏Ñ‡∏•‡πâ‡∏≤‡∏¢‡∏Ç‡πâ‡∏≠‡∏Ç‡πâ‡∏≤‡∏á‡∏ö‡∏ô ‡πÅ‡∏Ñ‡πà‡πÄ‡∏û‡∏¥‡πà‡∏°‡πÑ‡∏Ç‡πà‡∏°‡∏∏‡∏Å), ‡∏ä‡∏≠‡∏Ñ‡πÇ‡∏Å‡πÅ‡∏•‡∏ï, ‡∏ô‡πâ‡∏≥‡∏ä‡∏á (‡πÅ‡∏î‡∏á‡πÇ‡∏ã‡∏î‡∏≤, ‡∏°‡∏∞‡∏ô‡∏≤‡∏ß‡πÇ‡∏ã‡∏î‡∏≤, ‡∏ö‡πä‡∏ß‡∏¢‡πÇ‡∏ã‡∏î‡∏≤ ‡∏ï‡∏≤‡∏°‡∏£‡πâ‡∏≤‡∏ô‡∏≠‡∏≤‡πÅ‡∏õ‡∏∞)","‡πÅ‡∏≠‡∏Ñ‡∏ä‡∏±‡πà‡∏ô‡∏ö‡∏π‡πä‡πÄ‡∏•‡∏∑‡∏≠‡∏î‡∏™‡∏≤‡∏î, ‡∏ú‡∏µ‡∏´‡∏•‡∏≠‡∏Å‡∏Ñ‡∏∑‡∏ô‡∏´‡∏•‡∏≠‡∏ô, ‡∏™‡∏∑‡∏ö‡∏™‡∏ß‡∏ô‡∏™‡∏∏‡∏î‡∏°‡∏±‡∏ô","‡∏Å‡∏µ‡∏¨‡∏≤, ‡∏ß‡∏±‡∏¢‡∏£‡∏∏‡πà‡∏ô‡∏ö‡πâ‡∏≤‡∏û‡∏•‡∏±‡∏á, ‡∏Æ‡∏≤‡πÄ‡∏•‡πá‡∏°, ‡∏Æ‡∏µ‡πÇ‡∏£‡πà‡∏™‡∏π‡πâ‡∏Å‡∏±‡∏ö‡∏™‡∏±‡∏ï‡∏ß‡πå‡∏õ‡∏£‡∏∞‡∏´‡∏•‡∏≤‡∏î, ‡∏à‡∏≠‡∏°‡∏¢‡∏∏‡∏ó‡∏ò","K-Pop, J-Pop",‡∏™‡∏≤‡∏¢‡πÑ‡∏´‡∏°,‡∏ô‡πâ‡∏≠‡∏á‡πÄ‡∏û‡∏∑‡πà‡∏≠‡∏ô (‡πÉ‡∏Ñ‡∏£‡∏°‡∏±‡∏ô‡∏à‡∏∞‡∏ï‡∏≠‡∏ö‡∏Ç‡πâ‡∏≠‡∏ô‡∏µ‡πâ?),‡πÄ‡∏™‡∏û,‡∏´‡∏≠‡∏û‡∏±‡∏Å,‡∏≠‡∏¢‡∏π‡πà‡∏Å‡∏±‡∏ö‡πÄ‡∏û‡∏∑‡πà‡∏≠‡∏ô‡∏Ñ‡∏£‡∏∑‡πâ‡∏ô‡πÄ‡∏Ñ‡∏£‡∏á,‡∏£‡∏ñ‡πÑ‡∏ü‡∏ü‡πâ‡∏≤ (‡∏ö‡∏ô‡∏î‡∏¥‡∏ô/‡πÉ‡∏ï‡πâ‡∏î‡∏¥‡∏ô),2,4,7,5,0,0 (‡πÑ‡∏°‡πà‡πÄ‡∏Ñ‡∏¢‡∏°‡∏µ‡∏≠‡∏∞ ‡∏Æ‡∏∑‡∏≠‡∏≠‡∏≠‡∏≠‡∏≠‡∏≠),‡∏Å‡πá‡∏ö‡∏≠‡∏Å‡∏ß‡πà‡∏≤‡∏¢‡∏±‡∏á‡πÑ‡∏°‡πà‡∏°‡∏µ‡πÑ‡∏á‡∏≠‡∏¢‡πà‡∏≤‡∏¢‡πâ‡∏≥‡πÑ‡∏î‡πâ‡∏õ‡πà‡∏∞....,‡∏°‡∏≤‡∏Å‡∏Å‡∏ß‡πà‡∏≤ (‡∏≠‡∏¢‡∏π‡πà‡∏î‡πâ‡∏ß‡∏¢‡∏•‡∏∞‡∏≠‡∏∏‡πà‡∏ô‡πÉ‡∏à),‡πÇ‡∏™‡∏î...‡∏á‡∏∞ ‡∏≠‡∏î‡∏≠‡∏¢‡∏≤‡∏Å‡∏õ‡∏≤‡∏Å‡πÅ‡∏´‡πâ‡∏á...‡∏°‡∏±‡πà‡∏Å‡πÄ‡∏£‡∏¢
4/3/2020 15:34:56,‡∏≠‡∏¥‡∏Ñ‡∏Ñ‡∏¥‡∏ß‡∏ã‡∏±‡∏á,‡∏ä‡∏≤‡∏¢,22,180,85,,‡∏Ñ‡∏•‡πâ‡∏≥‡∏ô‡∏¥‡∏î‡πÜ,‡∏£‡∏≠‡∏á‡∏ó‡∏£‡∏á‡∏™‡∏π‡∏á,‡∏î‡∏≥‡∏™‡∏ô‡∏¥‡∏ó,‡∏ó‡∏£‡∏á‡∏Å‡∏•‡∏°,‡πÑ‡∏°‡πà‡πÉ‡∏™‡πà,‡∏°‡∏µ‡∏≠‡∏∞‡πÑ‡∏£‡∏Å‡πá‡∏´‡∏¢‡∏¥‡∏ö‡πÉ‡∏™‡πà‡πÜ‡πÑ‡∏õ ‡∏´‡∏ô‡πâ‡∏≤‡∏ï‡∏≤‡∏î‡∏µ‡πÑ‡∏°‡πà‡πÅ‡∏Ñ‡∏£‡πå,"‡∏≠‡∏≤‡∏´‡∏≤‡∏£‡∏ç‡∏µ‡πà‡∏õ‡∏∏‡πà‡∏ô, ‡∏ö‡∏∏‡∏ü‡πÄ‡∏ü‡πà‡∏õ‡∏¥‡πâ‡∏á‡∏¢‡πà‡∏≤‡∏á/‡∏ä‡∏≤‡∏ö‡∏π ‡πÑ‡∏î‡πâ‡∏´‡∏°‡∏î‡∏ñ‡πâ‡∏≤‡∏™‡∏î‡∏ä‡∏∑‡πà‡∏ô","‡πÑ‡∏≠‡∏®‡∏£‡∏µ‡∏°, ‡∏ß‡∏±‡∏ü‡πÄ‡∏ü‡∏¥‡∏•, ‡πÅ‡∏û‡∏ô‡πÄ‡∏Ñ‡πâ‡∏Å","‡∏ä‡∏≤ (‡πÑ‡∏î‡πâ‡∏´‡∏°‡∏î ‡∏ä‡∏≤‡πÑ‡∏ó‡∏¢, ‡∏ä‡∏≤‡∏ô‡∏°, ‡∏ä‡∏≤‡πÄ‡∏Ç‡∏µ‡∏¢‡∏ß, ‡∏ä‡∏≤‡πÄ‡∏¢‡πá‡∏ô ‡∏≠‡∏∞‡πÑ‡∏£‡∏ó‡∏µ‡πà‡πÄ‡∏õ‡πá‡∏ô‡∏ä‡∏≤), ‡∏ä‡∏≤‡πÑ‡∏Ç‡πà‡∏°‡∏∏‡∏Å (‡∏Ñ‡∏•‡πâ‡∏≤‡∏¢‡∏Ç‡πâ‡∏≠‡∏Ç‡πâ‡∏≤‡∏á‡∏ö‡∏ô ‡πÅ‡∏Ñ‡πà‡πÄ‡∏û‡∏¥‡πà‡∏°‡πÑ‡∏Ç‡πà‡∏°‡∏∏‡∏Å)","‡∏ï‡∏•‡∏Å‡πÄ‡∏£‡∏∑‡πà‡∏≠‡∏¢‡πÄ‡∏õ‡∏∑‡πà‡∏≠‡∏¢, ‡πÅ‡∏≠‡∏Ñ‡∏ä‡∏±‡πà‡∏ô‡∏ö‡∏π‡πä‡πÄ‡∏•‡∏∑‡∏≠‡∏î‡∏™‡∏≤‡∏î, ‡∏™‡∏∑‡∏ö‡∏™‡∏ß‡∏ô‡∏™‡∏∏‡∏î‡∏°‡∏±‡∏ô, ‡πÅ‡∏ü‡∏ô‡∏ï‡∏≤‡∏ã‡∏µ‡∏´‡∏ô‡∏µ‡∏™‡∏π‡πà‡∏à‡∏¥‡∏ô‡∏ï‡∏ô‡∏≤‡∏Å‡∏≤‡∏£","‡∏Å‡∏µ‡∏¨‡∏≤, ‡∏ú‡∏à‡∏ç‡∏†‡∏±‡∏¢, ‡πÅ‡∏ü‡∏ô‡∏ï‡∏≤‡∏ã‡∏µ","‡∏£‡πá‡∏≠‡∏Ñ‡∏™‡∏∏‡∏î‡πÉ‡∏à, K-Pop",‡∏™‡∏≤‡∏¢‡∏†‡∏π‡πÄ‡∏Ç‡∏≤,‡∏ô‡πâ‡∏≠‡∏á‡∏´‡∏°‡∏≤,‡πÑ‡∏°‡πà‡πÄ‡∏™‡∏û,‡∏´‡∏≠‡∏û‡∏±‡∏Å,‡∏≠‡∏¢‡∏π‡πà‡∏Ñ‡∏ô‡πÄ‡∏î‡∏µ‡∏¢‡∏ß‡πÄ‡∏´‡∏á‡∏≤‡πÜ,"‡∏£‡∏ñ‡πÇ‡∏î‡∏¢‡∏™‡∏≤‡∏£ (‡∏£‡∏ñ‡πÄ‡∏°‡∏•‡πå, ‡∏û‡∏µ‡πà‡∏ß‡∏¥‡∏ô, ‡πÅ‡∏ó‡πä‡∏Å‡∏ã‡∏µ‡πà ‡πÑ‡∏î‡πâ‡∏´‡∏°‡∏î)",4,2,4,1,0,1,‡∏Å‡πá‡∏ö‡∏≠‡∏Å‡∏ß‡πà‡∏≤‡∏¢‡∏±‡∏á‡πÑ‡∏°‡πà‡∏°‡∏µ‡πÑ‡∏á‡∏≠‡∏¢‡πà‡∏≤‡∏¢‡πâ‡∏≥‡πÑ‡∏î‡πâ‡∏õ‡πà‡∏∞....,‡∏°‡∏≤‡∏Å‡∏Å‡∏ß‡πà‡∏≤ (‡∏≠‡∏¢‡∏π‡πà‡∏î‡πâ‡∏ß‡∏¢‡∏•‡∏∞‡∏≠‡∏∏‡πà‡∏ô‡πÉ‡∏à),‡πÇ‡∏™‡∏î...‡∏á‡∏∞ ‡∏≠‡∏î‡∏≠‡∏¢‡∏≤‡∏Å‡∏õ‡∏≤‡∏Å‡πÅ‡∏´‡πâ‡∏á...‡∏°‡∏±‡πà‡∏Å‡πÄ‡∏£‡∏¢